Country Name,Country Code,Indicator Name,Indicator Code,1996,1997,1998,1999,2000,2001,2002,2003,2004,2005,2006,2007,2008,2009,2010,2011,2012,2013,2014,2015,2016,2017,2018,2019,2020,2021,2022,2023
Aruba,ABW,"Official exchange rate (LCU per US$, period average)",PA.NUS.FCRF,1.79,1.79,1.79,1.79,1.79,1.79,1.79,1.79,1.79,1.79,1.79,1.79,1.79,1.79,1.79,1.79,1.79,1.79,1.79,1.79,1.79,1.79,1.79,1.79,1.79,1.79,1.79,1.79
Africa Eastern and Southern,AFE,"Official exchange rate (LCU per US$, period average)",PA.NUS.FCRF,,,,,,,,,,,,,,,,,,,,,,,,,,,,
Afghanistan,AFG,"Official exchange rate (LCU per US$, period average)",PA.NUS.FCRF,47.5,47.5,47.5,46.61953108,47.35757473,47.50001452,47.263,48.76275358,47.8453125,49.4945975,49.92533083,49.96201777,50.24961474,50.325,46.452461,46.74700774,50.9214,55.3775,57.2475,61.14346154,67.86608577,68.02690408,72.08324718,77.73794918,76.81353644,,,
Africa Western and Central,AFW,"Official exchange rate (LCU per US$, period average)",PA.NUS.FCRF,,,,,,,,,,,,,,,,,,,,,,,,,,,,
Angola,AGO,"Official exchange rate (LCU per US$, period average)",PA.NUS.FCRF,0.128029167,0.229040083,0.392823518,2.790706167,10.04054417,22.05786167,43.53020667,74.60630083,83.5413625,87.15914167,80.36807206,76.70614275,75.03335417,79.32816667,91.90572034,93.93475,95.46795542,96.51827948,98.30241686,120.0607017,163.6564341,165.9159507,252.8557477,364.825805,578.2587803,631.4419555,460.5675116,685.0202378
Albania,ALB,"Official exchange rate (LCU per US$, period average)",PA.NUS.FCRF,104.4989167,148.9329167,150.6333333,137.6905833,143.7094167,143.4848333,140.1545159,121.86325,102.7800512,99.87025448,98.10337709,90.42789383,83.8946041,94.97811982,103.9366667,100.8958333,108.1841667,105.6691667,105.48,125.9616667,124.1425,119.1,107.9891667,109.8508333,108.65,103.52,113.0416667,100.645
Andorra,AND,"Official exchange rate (LCU per US$, period average)",PA.NUS.FCRF,,,,,,1.1175,1.0626,0.886,0.8054,0.8041,0.7971,0.7306,0.6827,0.7198,0.7543,0.7184,0.7783,0.7529,0.7527,0.9013,0.9034,0.8852,0.8468,0.8933,0.8755,0.845494139,0.949623753,0.924839558
Arab World,ARB,"Official exchange rate (LCU per US$, period average)",PA.NUS.FCRF,,,,,,,,,,,,,,,,,,,,,,,,,,,,
United Arab Emirates,ARE,"Official exchange rate (LCU per US$, period average)",PA.NUS.FCRF,3.671,3.671125,3.6725,3.6725,3.6725,3.6725,3.6725,3.6725,3.6725,3.6725,3.6725,3.6725,3.6725,3.6725,3.6725,3.6725,3.6725,3.6725,3.6725,3.6725,3.6725,3.6725,3.6725,3.6725,3.6725,3.6725,3.6725,3.6725
Argentina,ARG,"Official exchange rate (LCU per US$, period average)",PA.NUS.FCRF,0.9996625,0.9995,0.9995,0.9995,0.9995,0.9995,3.063256667,2.900629167,2.923300819,2.9036575,3.054313333,3.095648849,3.14416456,3.710106831,3.896295154,4.110139576,4.53693436,5.459352665,8.075275993,9.233185525,14.75817509,16.56270693,28.09499167,48.14789167,70.53916667,94.99074167,130.61655,296.2580417
Armenia,ARM,"Official exchange rate (LCU per US$, period average)",PA.NUS.FCRF,414.0415,490.8467858,504.915,535.0618333,539.5258333,555.0782583,573.3533333,578.7629545,533.4508333,457.6869406,416.0403697,342.0791162,305.9694003,363.2832856,373.6604667,372.5008824,401.7639756,409.6257493,415.9197892,477.9183066,480.4881508,482.7163938,482.9879466,480.4451288,489.0088586,503.769675,435.6661797,392.4763022
American Samoa,ASM,"Official exchange rate (LCU per US$, period average)",PA.NUS.FCRF,,,,,,,1,1,1,1,1,1,1,1,1,1,1,1,1,1,1,1,1,1,1,1,1,1
Antigua and Barbuda,ATG,"Official exchange rate (LCU per US$, period average)",PA.NUS.FCRF,2.7,2.7,2.7,2.7,2.7,2.7,2.7,2.7,2.7,2.7,2.7,2.7,2.7,2.7,2.7,2.7,2.7,2.7,2.7,2.7,2.7,2.7,2.7,2.7,2.7,2.7,2.7,2.7
Australia,AUS,"Official exchange rate (LCU per US$, period average)",PA.NUS.FCRF,1.277863333,1.34738,1.591828333,1.54995,1.724826667,1.9334425,1.8405625,1.541914167,1.3597525,1.309473333,1.327973441,1.1950725,1.192178333,1.28218881,1.090159486,0.969463201,0.965801031,1.035843097,1.109363293,1.331090262,1.345213976,1.304758077,1.338412146,1.438506544,1.453085118,1.33122426,1.441664459,1.505191066
Austria,AUT,"Official exchange rate (LCU per US$, period average)",PA.NUS.FCRF,10.5865575,12.20424417,12.379065,0.938283072,1.082705081,1.116533086,1.057558996,0.884047927,0.803921648,0.803800192,0.796432731,0.7296724,0.67992268,0.716957702,0.75430899,0.718413899,0.77833812,0.752945123,0.752728197,0.901296423,0.903421436,0.885205508,0.846772667,0.893276257,0.875506397,0.845494139,0.949623753,0.924839558
Azerbaijan,AZE,"Official exchange rate (LCU per US$, period average)",PA.NUS.FCRF,0.860252833,0.797075,0.773799687,0.824033333,0.89483075,0.931316667,0.972164167,0.982146,0.9826955,0.945421,0.893445,0.858123808,0.821619579,0.803783333,0.80265,0.789686389,0.785645349,0.784541075,0.7843475,1.024563819,1.595721573,1.721154802,1.700016667,1.7,1.7,1.7,1.7,1.7
Burundi,BDI,"Official exchange rate (LCU per US$, period average)",PA.NUS.FCRF,302.7466667,352.3508333,447.7658333,563.5625,720.6733333,830.3533333,930.7491667,1082.62,1100.9,1081.577167,1028.683553,1081.869683,1185.690833,1230.179167,1230.748333,1261.073333,1442.505625,1555.090833,1546.686667,1571.898333,1654.626667,1729.055,1782.876875,1845.622891,1915.046176,1975.950881,2034.306634,2574.051749
Belgium,BEL,"Official exchange rate (LCU per US$, period average)",PA.NUS.FCRF,30.96151333,35.77389083,36.29864083,0.938283072,1.082705081,1.116533086,1.057558996,0.884047927,0.803921648,0.803800192,0.796432731,0.7296724,0.67992268,0.716957702,0.75430899,0.718413899,0.77833812,0.752945123,0.752728197,0.901296423,0.903421436,0.885205508,0.846772667,0.893276257,0.875506397,0.845494139,0.949623753,0.924839558
Benin,BEN,"Official exchange rate (LCU per US$, period average)",PA.NUS.FCRF,511.5524303,583.6693724,589.9517746,615.4733493,710.207977,732.3976933,693.7132265,579.8974262,527.3380323,527.2583626,522.4256249,478.6337185,446.0000414,470.2934233,494.7942622,471.2486257,510.5563385,493.8996239,493.7573299,591.211698,592.6056151,580.6567496,555.4464584,585.9508138,574.2945496,554.6077989,622.9123482,606.6549823
Burkina Faso,BFA,"Official exchange rate (LCU per US$, period average)",PA.NUS.FCRF,511.5524303,583.6693724,589.9517746,615.4733493,710.207977,732.3976933,693.7132265,579.8974262,527.3380323,527.2583626,522.4256249,478.6337185,446.0000414,470.2934233,494.7942622,471.2486257,510.5563385,493.8996239,493.7573299,591.211698,592.6056151,580.6567496,555.4464584,585.9110132,575.5860045,554.530675,623.7597009,606.5697502
Bangladesh,BGD,"Official exchange rate (LCU per US$, period average)",PA.NUS.FCRF,41.79416833,43.89211583,46.90565167,49.0854,52.14166667,55.80666667,57.888,58.15004,59.51265833,64.327475,68.93323333,68.874875,68.598275,69.03906667,69.64929167,74.1524,81.86265833,78.103235,77.64140833,77.94690833,78.46809167,80.43754167,83.46620192,84.4535225,84.87139167,85.08376325,91.74545444,106.3094843
Bulgaria,BGR,"Official exchange rate (LCU per US$, period average)",PA.NUS.FCRF,0.177888667,1.681879167,1.760358333,1.836383333,2.123275,2.184708333,2.076975,1.732701667,1.575108917,1.574133333,1.559266667,1.42905,1.337116667,1.406691667,1.477391667,1.406458333,1.52205,1.473566667,1.474183333,1.7644,1.768041667,1.735458333,1.657041667,1.747041667,1.716333333,1.653775,1.860141667,1.808966667
Bahrain,BHR,"Official exchange rate (LCU per US$, period average)",PA.NUS.FCRF,0.375999968,0.375999965,0.375999963,0.375999979,0.376,0.376,0.376,0.376,0.376,0.376,0.376,0.376,0.376,0.376,0.376,0.376,0.376,0.376,0.376,0.376,0.376,0.376,0.376,0.376,0.376,0.376,0.376,0.376
"Bahamas, The",BHS,"Official exchange rate (LCU per US$, period average)",PA.NUS.FCRF,1,1,1,1,1,1,1,1,1,1,1,1,1,1,1,1,1,1,1,1,1,1,1,1,1,1,1,1
Bosnia and Herzegovina,BIH,"Official exchange rate (LCU per US$, period average)",PA.NUS.FCRF,,1.734055833,1.759667583,1.835795385,2.122859512,2.185659583,2.078170426,1.732932204,1.575157028,1.57272202,1.559071956,1.429002742,1.33519568,1.407891238,1.476739568,1.406936586,1.522209974,1.473051323,1.474169187,1.763491647,1.768139024,1.735352713,1.656985441,1.747086461,1.716970495,1.653606154,1.859325877,1.8092028
Belarus,BLR,"Official exchange rate (LCU per US$, period average)",PA.NUS.FCRF,0.001322988,0.002602055,0.004612762,0.024929533,0.087675,0.139,0.179091667,0.205127083,0.21602575,0.215382,0.214456417,0.214607833,0.21363975,0.279304922,0.297851,0.497463333,0.833689833,0.88800525,1.02241025,1.592598833,1.989562833,1.932341667,2.037608333,2.091783333,2.439575,2.538675,2.6261,3.00735
Belize,BLZ,"Official exchange rate (LCU per US$, period average)",PA.NUS.FCRF,2,2,2,2,2,2,2,2,2,2,2,2,2,2,2,2,2,2,2,2,2,2,2,2,2,2,2,2
Bermuda,BMU,"Official exchange rate (LCU per US$, period average)",PA.NUS.FCRF,1,1,1,1,1,1,1,1,1,1,1,1,1,1,1,1,1,1,1,1,1,1,1,1,1,1,1,1
Bolivia,BOL,"Official exchange rate (LCU per US$, period average)",PA.NUS.FCRF,5.0746125,5.254258333,5.510133333,5.812408333,6.183541667,6.606916667,7.17,7.659166667,7.936266667,8.0660625,8.011616667,7.851245161,7.238320699,7.02,7.016666667,6.9369625,6.91,6.91,6.91,6.91,6.91,6.91,6.91,6.91,6.91,6.91,6.91,6.91
Brazil,BRA,"Official exchange rate (LCU per US$, period average)",PA.NUS.FCRF,1.0051,1.077991667,1.160516667,1.813932847,1.829423122,2.349631709,2.920363018,3.077475118,2.92511945,2.434390036,2.175326667,1.947058333,1.833766667,1.999428173,1.759226711,1.672828755,1.953068611,2.156089151,2.352951963,3.326904383,3.491313422,3.191389446,3.653825361,3.944471097,5.155178788,5.39440079,5.163970291,4.994379763
Barbados,BRB,"Official exchange rate (LCU per US$, period average)",PA.NUS.FCRF,2,2,2,2,2,2,2,2,2,2,2,2,2,2,2,2,2,2,2,2,2,2,2,2,2,2,2,2
Brunei Darussalam,BRN,"Official exchange rate (LCU per US$, period average)",PA.NUS.FCRF,1.410040833,1.484805833,1.673601667,1.694956667,1.723963333,1.7917225,1.790588333,1.742183333,1.690228333,1.6643975,1.588933333,1.507101667,1.417166667,1.454569273,1.363509474,1.25791302,1.249567016,1.25116567,1.267040123,1.374910845,1.381346877,1.380891164,1.348918565,1.364218514,1.37970343,1.343806963,1.378956397,1.343079601
Bhutan,BTN,"Official exchange rate (LCU per US$, period average)",PA.NUS.FCRF,35.43317333,36.31328583,41.259365,43.05542833,44.941605,47.18641417,48.61031917,46.58328417,45.31646667,44.099975,45.30700833,41.34853333,43.50518333,48.40526667,45.72581212,46.67046667,53.43723333,58.59784542,61.02951446,64.15194446,67.19531281,65.12156865,68.38946709,70.42034054,74.09956688,73.91801282,78.60449058,82.60099645
Botswana,BWA,"Official exchange rate (LCU per US$, period average)",PA.NUS.FCRF,3.324196667,3.650763333,4.22588,4.62439525,5.102241667,5.841416667,6.327791667,4.949666667,4.693833333,5.11675,5.8303,6.139408333,6.826858333,7.155141667,6.793625,6.838233333,7.640525,8.398908333,8.976083333,10.12899167,10.90115833,10.34741667,10.199975,10.75586667,11.45624167,11.08725833,12.36880833,13.59638333
Central African Republic,CAF,"Official exchange rate (LCU per US$, period average)",PA.NUS.FCRF,511.5524303,583.6693724,589.9517746,615.4733493,710.207977,732.3976933,693.7132265,579.8974262,527.3380323,527.2583626,522.4256249,478.6337185,446.0000414,470.2934233,494.7942622,471.2486257,510.5563385,493.8996239,493.7573299,591.211698,592.6056151,580.6567496,555.4464584,585.9110132,575.5860045,554.530675,623.7597009,606.5697502
Canada,CAN,"Official exchange rate (LCU per US$, period average)",PA.NUS.FCRF,1.363521636,1.384598028,1.483505302,1.485704819,1.485394095,1.548839955,1.570342834,1.401014548,1.301281595,1.211405134,1.134344726,1.074045622,1.067086918,1.141535406,1.030112735,0.989258159,0.999364744,1.030137364,1.104747132,1.278786204,1.325615164,1.297935846,1.295817928,1.326793363,1.341152672,1.253876902,1.301554775,1.349908641
Central Europe and the Baltics,CEB,"Official exchange rate (LCU per US$, period average)",PA.NUS.FCRF,,,,,,,,,,,,,,,,,,,,,,,,,,,,
Switzerland,CHE,"Official exchange rate (LCU per US$, period average)",PA.NUS.FCRF,1.23601,1.4513125,1.449813308,1.502155,1.6888425,1.687615,1.5586075,1.346650833,1.243495833,1.245176667,1.253843333,1.200365833,1.08309,1.088141696,1.042905646,0.888042028,0.937684481,0.926903548,0.916151047,0.962381328,0.985394394,0.984691667,0.977891667,0.993709167,0.938965,0.913845833,0.9548325,0.89849
Channel Islands,CHI,"Official exchange rate (LCU per US$, period average)",PA.NUS.FCRF,,,,,,,,,,,,,,,,,,,,,,,,,,,,
Chile,CHL,"Official exchange rate (LCU per US$, period average)",PA.NUS.FCRF,412.2666667,419.295,460.2875,508.7766667,539.5875,634.9383333,688.9366667,691.3975,609.5291667,559.7675,530.275,522.4641667,522.4610358,560.8598948,510.2491667,483.6675,486.4713034,495.2728776,570.3482161,654.1240843,676.957736,648.8337926,641.2768131,702.8974226,792.7272061,758.9553787,873.3141895,840.0665267
China,CHN,"Official exchange rate (LCU per US$, period average)",PA.NUS.FCRF,8.314175,8.289816667,8.278958333,8.27825,8.278504167,8.277068333,8.2769575,8.277036667,8.276800833,8.194316667,7.973438333,7.6075325,6.948655,6.831416052,6.770269029,6.461461327,6.312332827,6.195758346,6.143434094,6.227488673,6.644477829,6.758755086,6.615957177,6.90838501,6.900767269,6.44897518,6.737158112,7.083998423
Cote d'Ivoire,CIV,"Official exchange rate (LCU per US$, period average)",PA.NUS.FCRF,511.5524303,583.6693724,589.9517746,615.4733493,710.207977,732.3976933,693.7132265,579.8974262,527.3380323,527.2583626,522.4256249,478.6337185,446.0000414,470.2934233,494.7942622,471.2486257,510.5563385,493.8996239,493.7573299,591.211698,592.6056151,580.6567496,555.4464584,585.9110132,575.5860045,554.530675,623.7597009,606.5697502
Cameroon,CMR,"Official exchange rate (LCU per US$, period average)",PA.NUS.FCRF,511.5524303,583.6693724,589.9517746,615.4733493,710.207977,732.3976933,693.7132265,579.8974262,527.3380323,527.2583626,522.4256249,478.6337185,446.0000414,470.2934233,494.7942622,471.2486257,510.5563385,493.8996239,493.7573299,591.211698,592.6056151,580.6567496,555.4464584,585.9110132,575.5860045,554.530675,623.7597009,606.5697502
"Congo, Dem. Rep.",COD,"Official exchange rate (LCU per US$, period average)",PA.NUS.FCRF,0.501849175,1.3134476,1.606659883,4.018333332,21.81833333,206.6174999,346.4849999,405.1781832,399.4757917,473.9080083,468.278825,516.7498917,559.2925083,809.7858333,905.9134583,919.4913,919.7550167,919.5659074,925.2262825,925.9849613,1010.302757,1464.417932,1622.523502,1647.760127,1851.122162,1989.391471,,
"Congo, Rep.",COG,"Official exchange rate (LCU per US$, period average)",PA.NUS.FCRF,511.5524303,583.6693724,589.9517746,615.4733493,710.207977,732.3976933,693.7132265,579.8974262,527.3380323,527.2583626,522.4256249,478.6337185,446.0000414,470.2934233,494.7942622,471.2486257,510.5563385,493.8996239,493.7573299,591.211698,592.6056151,580.6567496,555.4464584,585.9110132,575.5860045,554.530675,623.7597009,606.5697502
Colombia,COL,"Official exchange rate (LCU per US$, period average)",PA.NUS.FCRF,1036.6225,1141.116667,1426.424167,1756.685833,2087.918333,2299.893333,2504.680833,2877.543333,2628.368333,2321.131667,2358.594605,2077.810958,1965.1375,2157.598333,1898.9975,1848.016667,1798.011667,1868.895,2001.105,2741.781667,3055.255,2951.486911,2955.70397,3281.622194,3693.275833,3744.244167,4256.194167,4325.955
Comoros,COM,"Official exchange rate (LCU per US$, period average)",PA.NUS.FCRF,383.6599915,437.7470875,442.4588359,461.7929985,532.6559828,549.2982699,520.2849199,434.9230696,395.5035242,395.443772,391.8192187,358.9752889,334.5000311,352.7200675,371.0956967,353.4364693,382.9172538,370.4247179,370.3179974,443.4087735,444.4542113,435.4925622,416.5848438,439.4631103,430.7209122,415.9558491,467.1842612,454.9912367
Cabo Verde,CPV,"Official exchange rate (LCU per US$, period average)",PA.NUS.FCRF,82.59146667,93.17666667,98.1575,102.7,115.8765516,123.2133333,117.2558333,97.7875,88.7479249,88.64616853,87.92606491,80.61502716,75.33600384,80.03541773,83.27868938,79.27688148,86.31895418,83.0725,83.0345,99.38569354,99.68811364,97.80693777,93.41357891,98.49517859,96.79574279,93.21809241,104.8630658,101.8048125
Costa Rica,CRI,"Official exchange rate (LCU per US$, period average)",PA.NUS.FCRF,207.6891667,232.5975,257.2291667,285.6846948,308.1866667,328.8708333,359.8175269,398.6622222,437.935,477.7867415,511.3018179,516.6173902,526.2355134,573.2879567,525.8292007,505.6642399,502.901462,499.7668326,538.3172003,534.56577,544.7393672,567.5130903,576.9725012,587.2945957,584.900855,620.78472,647.1358176,544.0507755
Caribbean small states,CSS,"Official exchange rate (LCU per US$, period average)",PA.NUS.FCRF,,,,,,,,,,,,,,,,,,,,,,,,,,,,
Cuba,CUB,"Official exchange rate (LCU per US$, period average)",PA.NUS.FCRF,,,,,,,,,,,,,,,,,,,,,,,,,,,,
Curacao,CUW,"Official exchange rate (LCU per US$, period average)",PA.NUS.FCRF,,,,,,,,,,,,,,,,1.79,1.79,1.79,1.79,1.79,1.79,1.79,1.79,1.79,1.79,1.79,1.79,1.79
Cayman Islands,CYM,"Official exchange rate (LCU per US$, period average)",PA.NUS.FCRF,0.83333,0.83333,0.83333,0.83333,0.83333,0.83333,0.83333,0.83333,0.83333,0.83333,0.83333,0.83333,0.83333,0.83333,0.83333,0.83333,0.83333,0.83333,0.83333,0.83333,0.83333,0.83333,0.83333,0.83333,0.83333,0.83333,,
Cyprus,CYP,"Official exchange rate (LCU per US$, period average)",PA.NUS.FCRF,0.46631125,0.513897333,0.517825583,0.54294775,0.622409117,0.643107026,0.61065999,0.517443262,0.468600552,0.464070507,0.458915947,0.426125,0.67992268,0.716957702,0.75430899,0.718413899,0.77833812,0.752945123,0.752728197,0.901296423,0.903421436,0.885205508,0.846772667,0.893276257,0.875506397,0.845494139,0.949623753,0.924839558
Czechia,CZE,"Official exchange rate (LCU per US$, period average)",PA.NUS.FCRF,27.14491667,31.69841667,32.28116667,34.56925,38.59841667,38.03532833,32.73851833,28.209,25.69975,23.95741667,22.59558333,20.29366667,17.07166667,19.063,19.09825,17.69591667,19.5775,19.57058333,20.7575,24.59875,24.43991667,23.37633333,21.72991667,22.93225,23.21025,21.67816667,23.357,22.19808333
Germany,DEU,"Official exchange rate (LCU per US$, period average)",PA.NUS.FCRF,1.504774167,1.734055833,1.7596676,0.938283072,1.082705081,1.116533086,1.057558996,0.884047927,0.803921648,0.803800192,0.796432731,0.7296724,0.67992268,0.716957702,0.75430899,0.718413899,0.77833812,0.752945123,0.752728197,0.901296423,0.903421436,0.885205508,0.846772667,0.893276257,0.875506397,0.845494139,0.949623753,0.924839558
Djibouti,DJI,"Official exchange rate (LCU per US$, period average)",PA.NUS.FCRF,177.721,177.721,177.721,177.721,177.721,177.721,177.721,177.721,177.721,177.721,177.721,177.721,177.721,177.721,177.721,177.721,177.721,177.721,177.721,177.721,177.721,177.721,177.721,177.721,177.721,177.721,177.721,177.721
Dominica,DMA,"Official exchange rate (LCU per US$, period average)",PA.NUS.FCRF,2.7,2.7,2.7,2.7,2.7,2.7,2.7,2.7,2.7,2.7,2.7,2.7,2.7,2.7,2.7,2.7,2.7,2.7,2.7,2.7,2.7,2.7,2.7,2.7,2.7,2.7,2.7,2.7
Denmark,DNK,"Official exchange rate (LCU per US$, period average)",PA.NUS.FCRF,5.798671667,6.604459167,6.700826667,6.97624,8.083144167,8.3228175,7.894714167,6.587673333,5.991056667,5.99691,5.946778333,5.443700833,5.098130833,5.360866667,5.624075,5.368711535,5.792475537,5.616311686,5.612466667,6.727906831,6.731718257,6.602893466,6.314618787,6.669446615,6.542152204,6.287113083,7.076151863,6.889702586
Dominican Republic,DOM,"Official exchange rate (LCU per US$, period average)",PA.NUS.FCRF,12.89634921,14.00592105,14.70311084,15.83442991,16.18145768,16.69096152,17.59304369,29.36999962,41.93031457,30.28280818,33.3000352,33.17187058,34.52936096,35.97186555,36.82129187,38.08758487,39.32030084,41.79450343,43.54967262,45.04549907,46.06444394,47.5343582,49.50999286,51.29485833,56.52453333,57.22111667,55.14099167,56.1576
Algeria,DZA,"Official exchange rate (LCU per US$, period average)",PA.NUS.FCRF,54.74893333,57.70735,58.73895833,66.573875,75.25979167,77.21502083,79.6819,77.394975,72.06065,73.27630833,72.64661667,69.2924,64.5828,72.64741667,74.38598333,72.93788333,77.53596667,79.3684,80.57901667,100.6914333,109.4430667,110.9730167,116.5937917,119.3535583,126.7768,135.0640583,141.994975,135.8429333
East Asia & Pacific (excluding high income),EAP,"Official exchange rate (LCU per US$, period average)",PA.NUS.FCRF,,,,,,,,,,,,,,,,,,,,,,,,,,,,
Early-demographic dividend,EAR,"Official exchange rate (LCU per US$, period average)",PA.NUS.FCRF,,,,,,,,,,,,,,,,,,,,,,,,,,,,
East Asia & Pacific,EAS,"Official exchange rate (LCU per US$, period average)",PA.NUS.FCRF,,,,,,,,,,,,,,,,,,,,,,,,,,,,
Europe & Central Asia (excluding high income),ECA,"Official exchange rate (LCU per US$, period average)",PA.NUS.FCRF,,,,,,,,,,,,,,,,,,,,,,,,,,,,
Europe & Central Asia,ECS,"Official exchange rate (LCU per US$, period average)",PA.NUS.FCRF,,,,,,,,,,,,,,,,,,,,,,,,,,,,
Ecuador,ECU,"Official exchange rate (LCU per US$, period average)",PA.NUS.FCRF,3189.474167,3998.266667,5446.5729,11786.80167,1,1,1,1,1,1,1,1,1,1,1,1,1,1,1,1,1,1,1,1,1,1,1,1
"Egypt, Arab Rep.",EGY,"Official exchange rate (LCU per US$, period average)",PA.NUS.FCRF,3.391483333,3.38875,3.388,3.39525,3.47205,3.973,4.499666667,5.850875,6.196241667,5.778833333,5.733166667,5.635433333,5.4325,5.544553309,5.621942918,5.932827652,6.056058333,6.870325,7.077608561,7.691258333,10.02540079,17.78253352,17.76729042,16.77058184,15.75917292,15.64452728,19.16043974,30.6264137
Euro area,EMU,"Official exchange rate (LCU per US$, period average)",PA.NUS.FCRF,,,,0.938283072,1.082705081,1.116533086,1.057558996,0.884047927,0.803921648,0.803800192,0.796432731,0.7296724,0.67992268,0.716957702,0.75430899,0.718413899,0.77833812,0.752945123,0.752728197,0.901296423,0.903421436,0.885205508,0.846772667,0.893276257,0.875506397,0.845494139,0.949623753,0.924839558
Eritrea,ERI,"Official exchange rate (LCU per US$, period average)",PA.NUS.FCRF,6.357275114,6.758821784,7.361930417,8.152633333,9.625,11.30945208,13.95819417,13.87789058,13.7875,15.36791667,15.375,15.375,15.375,15.375,15.375,15.375,15.375,15.375,15.375,15.375,15.35,15.075,15.075,15.075,15.075,15.075,15.075,15.075
Spain,ESP,"Official exchange rate (LCU per US$, period average)",PA.NUS.FCRF,126.6615833,146.4136283,149.3953317,0.938283072,1.082705081,1.116533086,1.057558996,0.884047927,0.803921648,0.803800192,0.796432731,0.7296724,0.67992268,0.716957702,0.75430899,0.718413899,0.77833812,0.752945123,0.752728197,0.901296423,0.903421436,0.885205508,0.846772667,0.893276257,0.875506397,0.845494139,0.949623753,0.924839558
Estonia,EST,"Official exchange rate (LCU per US$, period average)",PA.NUS.FCRF,12.038,13.88175,14.07466667,14.67758333,16.96863667,17.47807153,16.61179167,13.8564114,12.59556359,12.58378659,12.46548376,11.433853,10.69444309,11.25743089,11.80684823,0.718413899,0.77833812,0.752945123,0.752728197,0.901296423,0.903421436,0.885205508,0.846772667,0.893276257,0.875506397,0.845494139,0.949623753,0.924839558
Ethiopia,ETH,"Official exchange rate (LCU per US$, period average)",PA.NUS.FCRF,6.351675,6.709341667,7.115908333,7.94225,8.217258333,8.457491667,8.56775,8.599683333,8.635583333,8.666441667,8.698615833,8.96595,9.599741667,11.77759967,14.40958981,16.89922576,17.70476138,18.62662896,19.58578991,20.57684875,21.73154722,23.86610446,27.42938659,29.06975,34.9271654,43.73377832,51.75621503,54.60094807
European Union,EUU,"Official exchange rate (LCU per US$, period average)",PA.NUS.FCRF,,,,,,,,,,,,,,,,,,,,,,,,,,,,
Fragile and conflict affected situations,FCS,"Official exchange rate (LCU per US$, period average)",PA.NUS.FCRF,,,,,,,,,,,,,,,,,,,,,,,,,,,,
Finland,FIN,"Official exchange rate (LCU per US$, period average)",PA.NUS.FCRF,4.59355,5.191435,5.344065833,0.938283072,1.082705081,1.116533086,1.057558996,0.884047927,0.803921648,0.803800192,0.796432731,0.7296724,0.67992268,0.716957702,0.75430899,0.718413899,0.77833812,0.752945123,0.752728197,0.901296423,0.903421436,0.885205508,0.846772667,0.893276257,0.875506397,0.845494139,0.949623753,0.924839558
Fiji,FJI,"Official exchange rate (LCU per US$, period average)",PA.NUS.FCRF,1.4033,1.443675,1.986816667,1.969625,2.128625,2.276602946,2.18678335,1.895768382,1.733101678,1.691046216,1.731264933,1.610413796,1.594034411,1.958095035,1.918508678,1.790883831,1.789892817,1.841476617,1.887345358,2.097629816,2.094695939,2.066875304,2.087379789,2.160393115,2.168804924,2.070633333,2.201406987,2.250125
France,FRA,"Official exchange rate (LCU per US$, period average)",PA.NUS.FCRF,5.1155225,5.836691667,5.899515667,0.938283072,1.082705081,1.116533086,1.057558996,0.884047927,0.803921648,0.803800192,0.796432731,0.7296724,0.67992268,0.716957702,0.75430899,0.718413899,0.77833812,0.752945123,0.752728197,0.901296423,0.903421436,0.885205508,0.846772667,0.893276257,0.875506397,0.845494139,0.949623753,0.924839558
Faroe Islands,FRO,"Official exchange rate (LCU per US$, period average)",PA.NUS.FCRF,5.798671667,6.604459167,6.700826667,6.97624,8.083144167,8.3228175,7.894714167,6.587673333,5.991056667,5.99691,5.946778333,5.443700833,5.098130833,5.360866667,5.624075,5.368711535,5.792475537,5.616311686,5.612466667,6.727906831,6.731718257,6.6029,6.3146,6.6694,6.542152204,6.287113083,7.076151863,6.889702586
"Micronesia, Fed. Sts.",FSM,"Official exchange rate (LCU per US$, period average)",PA.NUS.FCRF,1,1,1,1,1,1,1,1,1,1,1,1,1,1,1,1,1,1,1,1,1,1,1,1,1,1,1,1
Gabon,GAB,"Official exchange rate (LCU per US$, period average)",PA.NUS.FCRF,511.5524303,583.6693724,589.9517746,615.4733493,710.207977,732.3976933,693.7132265,579.8974262,527.3380323,527.2583626,522.4256249,478.6337185,446.0000414,470.2934233,494.7942622,471.2486257,510.5563385,493.8996239,493.7573299,591.211698,592.6056151,580.6567496,555.4464584,585.9110132,575.5860045,554.530675,623.7597009,606.5697502
United Kingdom,GBR,"Official exchange rate (LCU per US$, period average)",PA.NUS.FCRF,0.640958255,0.610836114,0.603823594,0.618056845,0.660930833,0.694655,0.667223333,0.6124725,0.54618,0.549998333,0.543486667,0.499771667,0.54396625,0.641919263,0.647179346,0.624140836,0.633046989,0.639660578,0.607729627,0.654545479,0.740634464,0.776976682,0.74953154,0.78344511,0.779999577,0.727064945,0.811301716,0.804538907
Georgia,GEO,"Official exchange rate (LCU per US$, period average)",PA.NUS.FCRF,1.2628,1.2975,1.389816667,2.024516667,1.976166667,2.073016667,2.195675,2.14565,1.91665,1.812675,1.780433333,1.670491667,1.490791667,1.670487097,1.782341667,1.68649543,1.651258333,1.66335,1.765666667,2.269341667,2.366725,2.509541667,2.534110833,2.818145,3.109016667,3.221558333,2.9162,2.627958333
Ghana,GHA,"Official exchange rate (LCU per US$, period average)",PA.NUS.FCRF,0.163547168,0.204796278,0.231165901,0.266642972,0.544919176,0.716305158,0.792417084,0.866764327,0.899494854,0.905209486,0.915106799,0.932619195,1.052275,1.404966667,1.429983333,1.520625,1.824866667,1.98135,2.896575,3.714641667,3.909816667,4.350533333,4.585325,5.217366667,5.595708333,5.8057,8.2724,11.02040833
Gibraltar,GIB,"Official exchange rate (LCU per US$, period average)",PA.NUS.FCRF,0.640958255,0.610836114,0.603823594,0.618056845,0.660930833,0.694655,0.667223333,0.6124725,0.54618,0.549998333,0.543486667,0.499771667,0.54396625,0.641919263,0.647179346,0.624140836,0.633046989,0.639660578,0.607729627,0.654545479,0.740634464,0.776976682,0.74953154,0.78344511,0.779999577,0.727064945,0.811301716,0.804538907
Guinea,GIN,"Official exchange rate (LCU per US$, period average)",PA.NUS.FCRF,1004.016583,1095.3255,1236.83175,1387.401333,1746.869917,1950.558333,1975.84375,1984.93125,2243.93125,3644.333333,5148.75,4197.752004,4601.691004,4801.083238,5726.071021,6658.031258,6985.829026,6907.87807,7014.118777,7485.516742,8967.92708,9088.319496,9011.134177,9183.875864,9565.082183,,,
"Gambia, The",GMB,"Official exchange rate (LCU per US$, period average)",PA.NUS.FCRF,9.79717347,10.20016667,10.6431,11.39509167,12.7876251,15.68715833,19.917825,28.53050833,30.03008333,28.57543333,28.065725,24.87343333,22.19235,26.6443612,28.01195366,29.46152006,32.07713389,35.95758683,41.73296165,42.50620809,43.37252767,46.60890946,48.15178064,50.06246137,51.50166037,51.48444388,54.92346736,61.09633301
Guinea-Bissau,GNB,"Official exchange rate (LCU per US$, period average)",PA.NUS.FCRF,511.5524303,583.6693724,589.9517746,615.4733493,710.207977,732.3976933,693.7132265,579.8974262,527.3380323,527.2583626,522.4256249,478.6337185,446.0000414,470.2934233,494.7942622,471.2486257,510.5563385,493.8996239,493.7573299,591.211698,592.6056151,580.6567496,555.4464584,585.9110132,575.5860045,554.530675,623.7597009,606.5697502
Equatorial Guinea,GNQ,"Official exchange rate (LCU per US$, period average)",PA.NUS.FCRF,511.5524303,583.6693724,589.9517746,615.4733493,710.207977,732.3976933,693.7132265,579.8974262,527.3380323,527.2583626,522.4256249,478.6337185,446.0000414,470.2934233,494.7942622,471.2486257,510.5563385,493.8996239,493.7573299,591.211698,592.6056151,580.6567496,555.4464584,585.9110132,575.5860045,554.530675,623.7597009,606.5697502
Greece,GRC,"Official exchange rate (LCU per US$, period average)",PA.NUS.FCRF,240.7115425,273.0578533,295.529105,305.6466042,365.3985608,1.116533086,1.057558996,0.884047927,0.803921648,0.803800192,0.796432731,0.7296724,0.67992268,0.716957702,0.75430899,0.718413899,0.77833812,0.752945123,0.752728197,0.901296423,0.903421436,0.885205508,0.846772667,0.893276257,0.875506397,0.845494139,0.949623753,0.924839558
Grenada,GRD,"Official exchange rate (LCU per US$, period average)",PA.NUS.FCRF,2.7,2.7,2.7,2.7,2.7,2.7,2.7,2.7,2.7,2.7,2.7,2.7,2.7,2.7,2.7,2.7,2.7,2.7,2.7,2.7,2.7,2.7,2.7,2.7,2.7,2.7,2.7,2.7
Greenland,GRL,"Official exchange rate (LCU per US$, period average)",PA.NUS.FCRF,5.798671667,6.604459167,6.700826667,6.97624,8.083144167,8.3228175,7.894714167,6.587673333,5.991056667,5.99691,5.946778333,5.443700833,5.098130833,5.360866667,5.624075,5.368711535,5.792475537,5.616311686,5.612466667,6.727906831,6.731718257,6.6029,6.3146,6.6694,6.542152204,6.287113083,7.076151863,6.889702586
Guatemala,GTM,"Official exchange rate (LCU per US$, period average)",PA.NUS.FCRF,6.0495125,6.065269167,6.394653333,7.38561,7.763159167,7.8585925,7.821645,7.940846667,7.946495833,7.633944167,7.602630833,7.673304167,7.560028333,8.161555417,8.057770833,7.785418333,7.833605417,7.85681375,7.732233333,7.654815,7.599937083,7.34793875,7.519164583,7.696698333,7.72165,7.734388333,7.74824375,7.831974167
Guam,GUM,"Official exchange rate (LCU per US$, period average)",PA.NUS.FCRF,,,,,,,1,1,1,1,1,1,1,1,1,1,1,1,1,1,1,1,1,1,1,1,1,1
Guyana,GUY,"Official exchange rate (LCU per US$, period average)",PA.NUS.FCRF,140.375,142.4008333,150.5191667,177.995,182.43,187.3208333,190.665,193.8783333,198.3075,199.875,200.1883333,202.3466667,203.6333333,203.95,203.6358333,204.0175,204.3583333,205.3941667,206.4491667,206.5,206.5,206.5,207.7166667,208.5,208.5,208.5,208.5,208.5
High income,HIC,"Official exchange rate (LCU per US$, period average)",PA.NUS.FCRF,,,,,,,,,,,,,,,,,,,,,,,,,,,,
"Hong Kong SAR, China",HKG,"Official exchange rate (LCU per US$, period average)",PA.NUS.FCRF,7.734254167,7.742083333,7.745333333,7.7575,7.791166667,7.79875,7.798916667,7.78675,7.788,7.777333333,7.767833333,7.801416667,7.786833333,7.75175,7.769166667,7.784,7.756416667,7.756,7.754083333,7.75175,7.76225,7.79325,7.8385,7.835916667,7.75725,7.77325,7.831416667,7.829583333
Honduras,HND,"Official exchange rate (LCU per US$, period average)",PA.NUS.FCRF,,,,,14.840625,15.476825,16.43705833,17.35249167,18.209725,18.83234167,18.89520833,18.8951,18.90375833,18.8951,18.8951,18.91714167,19.50224951,20.35377917,20.98715833,21.945175,22.83501839,23.48708394,23.90272829,24.50853891,24.58188052,24.01665532,24.48587373,24.60164682
Heavily indebted poor countries (HIPC),HPC,"Official exchange rate (LCU per US$, period average)",PA.NUS.FCRF,,,,,,,,,,,,,,,,,,,,,,,,,,,,
Croatia,HRV,"Official exchange rate (LCU per US$, period average)",PA.NUS.FCRF,5.434161167,6.160582583,6.363285667,7.111742833,8.277666417,8.341541,7.8716825,6.704968833,6.034340667,5.949236917,5.83779325,5.364535667,4.93503975,5.283946417,5.498010583,5.34386975,5.850291833,5.704880167,5.748165417,6.85830375,6.805990167,6.623831,6.27902525,6.622545167,6.6140555,6.360083167,7.1597415,
Haiti,HTI,"Official exchange rate (LCU per US$, period average)",PA.NUS.FCRF,15.70115,16.6545,16.76566667,16.93789167,21.17066667,24.42908333,29.25048333,42.36675833,38.35203333,40.44855,40.40851667,36.86141667,39.10759167,41.19760833,39.7974,40.52282194,41.94972295,43.46278333,45.21598089,50.70642667,63.33581837,64.76968028,68.03175398,88.81496618,93.50980721,89.22663651,115.6307155,141.0359127
Hungary,HUN,"Official exchange rate (LCU per US$, period average)",PA.NUS.FCRF,152.6466667,186.7891667,214.4016667,237.1458333,282.1791667,286.49,257.8866667,224.3066667,202.7458333,199.5825,210.39,183.6258333,172.1133333,202.3416667,207.9441667,201.055,225.1041667,223.695,232.6016667,279.3325,281.5233333,274.4333333,270.2116667,290.66,307.9966667,303.1408333,372.5958333,353.0883333
IBRD only,IBD,"Official exchange rate (LCU per US$, period average)",PA.NUS.FCRF,,,,,,,,,,,,,,,,,,,,,,,,,,,,
IDA & IBRD total,IBT,"Official exchange rate (LCU per US$, period average)",PA.NUS.FCRF,,,,,,,,,,,,,,,,,,,,,,,,,,,,
IDA total,IDA,"Official exchange rate (LCU per US$, period average)",PA.NUS.FCRF,,,,,,,,,,,,,,,,,,,,,,,,,,,,
IDA blend,IDB,"Official exchange rate (LCU per US$, period average)",PA.NUS.FCRF,,,,,,,,,,,,,,,,,,,,,,,,,,,,
Indonesia,IDN,"Official exchange rate (LCU per US$, period average)",PA.NUS.FCRF,2342.296292,2909.38,10013.6225,7855.15,8421.775,10260.85,9311.191667,8577.133333,8938.85,9704.741667,9159.316667,9141,9698.9625,10389.9375,9090.433333,8770.433333,9386.629167,10461.24,11865.2113,13389.41294,13308.3268,13380.83388,14236.93877,14147.67136,14582.20347,14308.1439,14849.85394,15236.88466
IDA only,IDX,"Official exchange rate (LCU per US$, period average)",PA.NUS.FCRF,,,,,,,,,,,,,,,,,,,,,,,,,,,,
Isle of Man,IMN,"Official exchange rate (LCU per US$, period average)",PA.NUS.FCRF,0.640958255,0.610836114,0.603823594,0.618056845,0.660930833,0.694655,0.667223333,0.6124725,0.54618,0.549998333,0.543486667,0.499771667,0.54396625,0.641919263,0.647179346,0.624140836,0.633046989,0.639660578,0.607729627,0.654545479,0.740634464,0.776976682,0.74953154,0.78344511,0.779999577,0.727064945,0.811301716,0.804538907
India,IND,"Official exchange rate (LCU per US$, period average)",PA.NUS.FCRF,35.43317333,36.31328583,41.259365,43.05542833,44.941605,47.18641417,48.61031917,46.58328417,45.31646667,44.099975,45.30700833,41.34853333,43.50518333,48.40526667,45.72581212,46.67046667,53.43723333,58.59784542,61.02951446,64.15194446,67.19531281,65.12156865,68.38946709,70.42034054,74.09956688,73.91801282,78.60449058,82.59927645
Not classified,INX,"Official exchange rate (LCU per US$, period average)",PA.NUS.FCRF,,,,,,,,,,,,,,,,,,,,,,,,,,,,
Ireland,IRL,"Official exchange rate (LCU per US$, period average)",PA.NUS.FCRF,0.625028368,0.659643127,0.702270998,0.938283072,1.082705081,1.116533086,1.057558996,0.884047927,0.803921648,0.803800192,0.796432731,0.7296724,0.67992268,0.716957702,0.75430899,0.718413899,0.77833812,0.752945123,0.752728197,0.901296423,0.903421436,0.885205508,0.846772667,0.893276257,0.875506397,0.845494139,0.949623753,0.924839558
"Iran, Islamic Rep.",IRN,"Official exchange rate (LCU per US$, period average)",PA.NUS.FCRF,1751.186356,1753.345477,1752.285995,1753.35495,1764.856069,1753.985685,6907.034456,8193.887519,8613.989421,8963.958907,9170.942878,9281.151828,9428.528261,9864.302456,10254.17647,10616.30664,12175.54722,18414.44801,25941.66414,29011.49138,30914.85244,33226.29815,40864.32901,42000,42000,42000,42000,42000
Iraq,IRQ,"Official exchange rate (LCU per US$, period average)",PA.NUS.FCRF,2002.387212,2002.387212,2002.387245,2002.389773,2002.403407,2002.40491,2002.372703,,1453.416667,1472,1467.416667,1254.567219,1193.083333,1170,1170,1170,1166.166667,1166,1166,1167.333333,1182,1184,1182.75,1182,1192,1450,1450,1312.5
Iceland,ISL,"Official exchange rate (LCU per US$, period average)",PA.NUS.FCRF,66.5,70.90429083,70.95833333,72.33529333,78.61594667,97.42460333,91.66166667,76.7089825,70.19166667,62.98166667,70.18,64.055,87.94791667,123.6383814,122.2418112,115.9540398,125.082787,122.1791213,116.7673525,131.9187084,120.8115481,106.839572,108.3001763,122.6067736,135.4217116,126.9888602,135.279902,137.9429524
Israel,ISR,"Official exchange rate (LCU per US$, period average)",PA.NUS.FCRF,3.19165,3.44935,3.800075,4.139716667,4.077333333,4.20565,4.737825,4.554133333,4.481983333,4.4877,4.455808333,4.108082949,3.588021194,3.932335478,3.738975,3.578129306,3.855921825,3.610758333,3.577925,3.886833333,3.840566667,3.599555548,3.590558127,3.564527347,3.442405852,3.230198323,3.359614402,3.667374716
Italy,ITA,"Official exchange rate (LCU per US$, period average)",PA.NUS.FCRF,1542.946967,1703.096908,1736.207383,0.938283072,1.082705081,1.116533086,1.057558996,0.884047927,0.803921648,0.803800192,0.796432731,0.7296724,0.67992268,0.716957702,0.75430899,0.718413899,0.77833812,0.752945123,0.752728197,0.901296423,0.903421436,0.885205508,0.846772667,0.893276257,0.875506397,0.845494139,0.949623753,0.924839558
Jamaica,JAM,"Official exchange rate (LCU per US$, period average)",PA.NUS.FCRF,37.11955833,35.40446667,36.55,39.04351667,42.9857,45.99625,48.41594167,57.74087375,61.1972,62.28071494,65.74385754,69.19216185,72.75620341,87.89411981,87.19614633,85.8934632,88.74980239,100.3978832,110.9345278,116.9697766,125.0950346,127.9645442,128.8715191,133.3121183,142.4028328,150.7901059,153.4268165,154.158779
Jordan,JOR,"Official exchange rate (LCU per US$, period average)",PA.NUS.FCRF,0.709,0.709,0.709,0.709,0.709,0.708983174,0.708999833,0.709,0.709,0.709,0.709,0.708999767,0.70966655,0.71,0.71,0.71,0.71,0.71,0.71,0.71,0.71,0.71,0.71,0.71,0.71,0.71,0.71,0.71
Japan,JPN,"Official exchange rate (LCU per US$, period average)",PA.NUS.FCRF,108.7790567,120.9908625,130.9053007,113.906805,107.7654983,121.5289475,125.3880192,115.9334642,108.1925692,110.2182117,116.2993117,117.7535292,103.359494,93.57008909,87.779875,79.80701983,79.79045542,97.59565828,105.944781,121.0440257,108.7929,112.1661411,110.4231793,109.0096659,106.7745823,109.7543238,131.4981404,140.4911001
Kazakhstan,KAZ,"Official exchange rate (LCU per US$, period average)",PA.NUS.FCRF,67.30333333,75.4375,78.30333333,119.5233333,142.1333333,146.7358333,153.2791667,149.5758333,136.035,132.88,126.0894306,122.5541667,120.2991667,147.4966667,147.355,146.6208333,149.1125,152.1291667,179.1916667,221.7283333,342.16,326.0010227,344.7058333,382.7473106,412.9533333,425.9075,460.165,456.165
Kenya,KEN,"Official exchange rate (LCU per US$, period average)",PA.NUS.FCRF,57.11486667,58.73184167,60.3667,70.32621667,76.17554167,78.563195,78.74914167,75.93556944,79.17387606,75.55410945,72.10083502,67.31763812,69.17531982,77.3520123,79.2331517,88.81076997,84.52960176,86.1228789,87.92216381,98.17845333,101.5043695,103.4100045,101.301574,101.9912984,106.4507802,109.6377466,117.8659892,139.8463838
Kyrgyz Republic,KGZ,"Official exchange rate (LCU per US$, period average)",PA.NUS.FCRF,12.80955833,17.36249167,20.83756667,39.00773333,47.70383333,48.37795833,46.93706667,43.648375,42.64994167,41.01182051,40.15289995,37.31625681,36.57459167,42.90410833,45.9642614,46.14390132,47.00447914,48.43805901,53.65405831,64.46210827,69.91406583,68.86666786,68.84032033,69.78934918,77.3461127,84.64082201,84.11622257,87.85612559
Cambodia,KHM,"Official exchange rate (LCU per US$, period average)",PA.NUS.FCRF,2624.083333,2946.25,3744.416667,3807.833333,3840.75,3916.333333,3912.083333,3973.333333,4016.25,4092.5,4103.25,4056.166667,4054.166667,4139.333333,4184.916667,4058.5,4033,4027.25,4037.5,4067.75,4058.694579,4050.579986,4051.1669,4061.148963,4092.783219,4098.722795,4102.037865,4110.652746
Kiribati,KIR,"Official exchange rate (LCU per US$, period average)",PA.NUS.FCRF,1.277863333,1.34738,1.591828333,1.54995,1.724826667,1.9334425,1.8405625,1.541914167,1.3597525,1.309473333,1.327973441,1.1950725,1.192178333,1.28218881,1.090159486,0.969463201,0.965801031,1.035843097,1.109363293,1.331090262,1.345213976,1.304758077,1.338412146,1.438506544,1.453085118,1.33122426,1.441664459,1.505191066
St. Kitts and Nevis,KNA,"Official exchange rate (LCU per US$, period average)",PA.NUS.FCRF,2.7,2.7,2.7,2.7,2.7,2.7,2.7,2.7,2.7,2.7,2.7,2.7,2.7,2.7,2.7,2.7,2.7,2.7,2.7,2.7,2.7,2.7,2.7,2.7,2.7,2.7,2.7,2.7
"Korea, Rep.",KOR,"Official exchange rate (LCU per US$, period average)",PA.NUS.FCRF,804.4575,949.89,1403.183333,1189.439167,1130.3625,1290.79,1251.6025,1191.645833,1146.249167,1024.328333,955.3408333,929.3758333,1100.125833,1277.245833,1156.46,1108.233333,1126.806667,1094.9825,1052.84,1130.9525,1160.7675,1131.000833,1100.163333,1165.3575,1180.265833,1143.951667,1291.446667,1305.6625
Kuwait,KWT,"Official exchange rate (LCU per US$, period average)",PA.NUS.FCRF,0.299408563,0.303348835,0.30475564,0.304414667,0.306751583,0.306681667,0.303914252,0.298011521,0.2947,0.292,0.290176225,0.284213958,0.268828367,0.287785417,0.286606592,0.275978944,0.279935558,0.283589442,0.284567142,0.300852025,0.302137441,0.303349758,0.301956494,0.303611163,0.306233122,0.301643111,0.306250154,0.307185351
Latin America & Caribbean (excluding high income),LAC,"Official exchange rate (LCU per US$, period average)",PA.NUS.FCRF,,,,,,,,,,,,,,,,,,,,,,,,,,,,
Lao PDR,LAO,"Official exchange rate (LCU per US$, period average)",PA.NUS.FCRF,921.0216667,1259.979167,3298.333333,7102.025,7887.643333,8954.583333,10056.33333,10569.0375,10585.375,10655.16667,10153.62408,9602.728818,8740.181403,8511.351163,8254.16303,8029.262555,8006.582032,7833.22999,8042.42157,8127.610598,8124.366756,8244.843189,8401.334766,8679.409093,9045.787834,9697.915789,14035.22669,17688.87359
Lebanon,LBN,"Official exchange rate (LCU per US$, period average)",PA.NUS.FCRF,1571.444167,1539.45,1516.131667,1507.5,1507.5,1507.5,1507.5,1507.5,1507.5,1507.5,1507.5,1507.5,1507.5,1507.5,1507.5,1507.5,1507.5,1507.5,1507.5,1507.5,1507.5,1507.5,1507.5,1507.5,1507.5,1507.5,1507.5,
Liberia,LBR,"Official exchange rate (LCU per US$, period average)",PA.NUS.FCRF,46.8375,50.57,41.5075,41.9025,40.9025,48.59190899,61.75416667,59.37883333,54.90583333,57.09583333,58.01333333,61.27222222,63.2075,68.28666667,71.40333333,72.22666667,73.51477208,77.52,83.8925,86.18836657,94.42724359,112.7066667,144.0555758,186.4297446,191.5179576,166.1537008,152.9337568,
Libya,LBY,"Official exchange rate (LCU per US$, period average)",PA.NUS.FCRF,0.436799769,0.460866115,0.467574437,0.463810769,0.512189613,0.605064254,1.270679174,1.292944128,1.304966144,1.308384824,1.313571625,1.262644868,1.223562393,1.253534489,1.26678941,1.224152495,1.261659638,1.271691821,1.272402067,1.38120986,1.390368679,1.393820011,1.364966667,1.398262897,1.388666683,4.514425,4.813175,4.812883333
St. Lucia,LCA,"Official exchange rate (LCU per US$, period average)",PA.NUS.FCRF,2.7,2.7,2.7,2.7,2.7,2.7,2.7,2.7,2.7,2.7,2.7,2.7,2.7,2.7,2.7,2.7,2.7,2.7,2.7,2.7,2.7,2.7,2.7,2.7,2.7,2.7,2.7,2.7
Latin America & Caribbean,LCN,"Official exchange rate (LCU per US$, period average)",PA.NUS.FCRF,,,,,,,,,,,,,,,,,,,,,,,,,,,,
Least developed countries: UN classification,LDC,"Official exchange rate (LCU per US$, period average)",PA.NUS.FCRF,,,,,,,,,,,,,,,,,,,,,,,,,,,,
Low income,LIC,"Official exchange rate (LCU per US$, period average)",PA.NUS.FCRF,,,,,,,,,,,,,,,,,,,,,,,,,,,,
Liechtenstein,LIE,"Official exchange rate (LCU per US$, period average)",PA.NUS.FCRF,,,,,1.6888,1.6876,1.5586,1.3467,1.2435,1.2452,1.2538,1.2004,1.0831,1.0881,1.0429,0.888,0.9377,0.9269,0.9162,0.9624,0.9854,0.9847,0.9779,0.9938,0.938965,0.913845833,0.9548325,0.89849
Sri Lanka,LKA,"Official exchange rate (LCU per US$, period average)",PA.NUS.FCRF,55.27144417,58.994605,64.45011833,70.63545,77.00511667,89.38301333,95.662065,96.52095083,101.1944575,100.4980517,103.9144458,110.6232333,108.3337627,114.9447833,113.0644804,110.5652079,127.6033535,129.0690309,130.5646852,135.8569128,145.5816675,152.4464139,162.4648587,178.744925,185.5925578,198.7643168,,
Lower middle income,LMC,"Official exchange rate (LCU per US$, period average)",PA.NUS.FCRF,,,,,,,,,,,,,,,,,,,,,,,,,,,,
Low & middle income,LMY,"Official exchange rate (LCU per US$, period average)",PA.NUS.FCRF,,,,,,,,,,,,,,,,,,,,,,,,,,,,
Lesotho,LSO,"Official exchange rate (LCU per US$, period average)",PA.NUS.FCRF,4.299349167,4.607961667,5.528284167,6.109484167,6.939828333,8.609180833,10.54074667,7.564749167,6.4596925,6.359328333,6.771549167,7.045365,8.261223333,8.473674158,7.321221961,7.261132132,8.209968627,9.655056069,10.85265557,12.75893088,14.70961089,13.32380142,13.23392647,14.44842705,16.45910539,14.77867821,16.35585348,18.45024418
Late-demographic dividend,LTE,"Official exchange rate (LCU per US$, period average)",PA.NUS.FCRF,,,,,,,,,,,,,,,,,,,,,,,,,,,,
Lithuania,LTU,"Official exchange rate (LCU per US$, period average)",PA.NUS.FCRF,4,4,4,4,4,4,3.676958333,3.060866667,2.780591667,2.774025,2.752225,2.523725,2.357075,2.484033333,2.606333333,2.4811,2.686291667,2.601008333,2.600291667,0.901296423,0.903421436,0.885205508,0.846772667,0.893276257,0.875506397,0.845494139,0.949623753,0.924839558
Luxembourg,LUX,"Official exchange rate (LCU per US$, period average)",PA.NUS.FCRF,30.96151333,35.77389083,36.29864083,0.938283072,1.082705081,1.116533086,1.057558996,0.884047927,0.803921648,0.803800192,0.796432731,0.7296724,0.67992268,0.716957702,0.75430899,0.718413899,0.77833812,0.752945123,0.752728197,0.901296423,0.903421436,0.885205508,0.846772667,0.893276257,0.875506397,0.845494139,0.949623753,0.924839558
Latvia,LVA,"Official exchange rate (LCU per US$, period average)",PA.NUS.FCRF,0.55075,0.580916667,0.589833333,0.585166667,0.6065,0.627916667,0.618191667,0.571475,0.540233333,0.564716667,0.560408333,0.513791667,0.480816667,0.50555,0.530475,0.501233333,0.546875,0.529391667,0.752728197,0.901296423,0.903421436,0.885205508,0.846772667,0.893276257,0.875506397,0.845494139,0.949623753,0.924839558
"Macao SAR, China",MAC,"Official exchange rate (LCU per US$, period average)",PA.NUS.FCRF,7.9664,7.975291667,7.978766667,7.99185,8.0259,8.0335,8.033433333,8.021241167,8.022171083,8.011064583,8.001426167,8.035853917,8.020109917,7.984283333,8.002216667,8.018208333,7.9898635,7.989255333,7.987129,7.984960417,7.99506425,8.026001,8.072507417,8.070470333,7.989061917,8.00553175,8.065206083,8.063390083
St. Martin (French part),MAF,"Official exchange rate (LCU per US$, period average)",PA.NUS.FCRF,,,,,,,,,,,,,,,,,,,,,,,,,,,,
Morocco,MAR,"Official exchange rate (LCU per US$, period average)",PA.NUS.FCRF,8.715875833,9.527106667,9.604415833,9.804419167,10.62563617,11.302975,11.02058333,9.574383333,8.868016667,8.865008333,8.795583333,8.192333333,7.750325,8.0571,8.417158333,8.089875,8.628444583,8.405503917,8.406336688,9.76434828,9.807476032,9.691997889,9.386102421,9.6170761,9.496847322,8.988484024,10.16066024,10.1314261
Monaco,MCO,"Official exchange rate (LCU per US$, period average)",PA.NUS.FCRF,,,,,1.0854,1.098,1.04,0.883,0.8,0.8041,0.7971,0.7306,0.6827,0.7198,0.7543,0.7184,0.7783,0.7529,0.7527,0.9013,0.9034,0.8852,0.8468,0.8933,0.8755,0.845494139,0.949623753,0.924839558
Moldova,MDA,"Official exchange rate (LCU per US$, period average)",PA.NUS.FCRF,4.604483333,4.623583333,5.3707,10.51580833,12.43421667,12.86514167,13.5704975,13.94488333,12.32971667,12.599625,13.13105833,12.13994497,10.39204368,11.10957543,12.36926096,11.73861249,12.11143682,12.58675623,14.03563005,18.81847515,19.92382756,18.49903489,16.80205172,17.57346887,17.32183521,17.68046614,18.89718962,18.16393776
Madagascar,MDG,"Official exchange rate (LCU per US$, period average)",PA.NUS.FCRF,812.2503333,1018.177167,1088.279667,1256.755,1353.496167,1317.698833,1366.391167,1238.327667,1868.857833,2003.025833,2142.301667,1873.876667,1708.370833,1956.205833,2089.95,2025.1175,2194.966667,2206.914167,2414.811667,2933.508333,3176.539167,3116.11,3334.752255,3618.321858,3787.754058,3829.977849,4096.116184,4429.579214
Maldives,MDV,"Official exchange rate (LCU per US$, period average)",PA.NUS.FCRF,11.77,11.77,11.77,11.77,11.77,12.24208333,12.8,12.8,12.8,12.8,12.8,12.8,12.8,12.8,12.8,14.6020084,15.36483532,15.36671003,15.38039352,15.36633122,15.36840768,15.38696851,15.39083727,15.38204192,15.38126953,15.37269841,15.386625,15.38679435
Middle East & North Africa,MEA,"Official exchange rate (LCU per US$, period average)",PA.NUS.FCRF,,,,,,,,,,,,,,,,,,,,,,,,,,,,
Mexico,MEX,"Official exchange rate (LCU per US$, period average)",PA.NUS.FCRF,7.599448417,7.91846,9.13604175,9.5603975,9.455558333,9.342341667,9.655958333,10.78901917,11.28596667,10.89789167,10.89924167,10.92819167,11.12971667,13.513475,12.63600833,12.423325,13.16945833,12.77199167,13.29245,15.84826667,18.66405833,18.92651667,19.24434167,19.26363333,21.48560833,20.27240833,20.12735,17.75871667
Marshall Islands,MHL,"Official exchange rate (LCU per US$, period average)",PA.NUS.FCRF,,,,,1,1,1,1,1,1,1,1,1,1,1,1,1,1,1,1,1,1,1,1,1,1,1,1
Middle income,MIC,"Official exchange rate (LCU per US$, period average)",PA.NUS.FCRF,,,,,,,,,,,,,,,,,,,,,,,,,,,,
North Macedonia,MKD,"Official exchange rate (LCU per US$, period average)",PA.NUS.FCRF,39.981075,50.00355,54.46173333,56.90182833,65.90386667,68.03713333,64.34979167,54.32225833,49.40993333,49.28368333,48.80176667,44.72981667,41.86768333,44.100575,46.48539167,44.230825,47.89025,46.39534167,46.43713083,55.537075,55.731725,54.66545833,52.10710833,54.9472,54.144325,52.10215833,58.57439167,56.94719167
Mali,MLI,"Official exchange rate (LCU per US$, period average)",PA.NUS.FCRF,511.5524303,583.6693724,589.9517746,615.4733493,710.207977,732.3976933,693.7132265,579.8974262,527.3380323,527.2583626,522.4256249,478.6337185,446.0000414,470.2934233,494.7942622,471.2486257,510.5563385,493.8996239,493.7573299,591.211698,592.6056151,580.6567496,555.4464584,585.9110132,575.5860045,554.530675,623.7597009,606.5697502
Malta,MLT,"Official exchange rate (LCU per US$, period average)",PA.NUS.FCRF,0.360455868,0.385966125,0.388459511,0.398898395,0.438149992,0.450041567,0.433620338,0.377233333,0.34466318,0.345777392,0.340893886,0.311675,0.67992268,0.716957702,0.75430899,0.718413899,0.77833812,0.752945123,0.752728197,0.901296423,0.903421436,0.885205508,0.846772667,0.893276257,0.875506397,0.845494139,0.949623753,0.924839558
Myanmar,MMR,"Official exchange rate (LCU per US$, period average)",PA.NUS.FCRF,5.917566667,6.241833333,6.343158333,6.285791667,6.516725,6.748908333,6.642083333,6.138925,5.805833333,5.818166667,5.842941667,5.616883333,5.44145,5.576366667,5.634883333,5.444108333,640.6534167,933.5704564,984.3457476,1162.615329,1234.869517,1360.358707,1429.807975,1518.255117,1381.619167,,,
Middle East & North Africa (excluding high income),MNA,"Official exchange rate (LCU per US$, period average)",PA.NUS.FCRF,,,,,,,,,,,,,,,,,,,,,,,,,,,,
Montenegro,MNE,"Official exchange rate (LCU per US$, period average)",PA.NUS.FCRF,,,,0.938283072,1.082705081,1.116533086,1.057558996,0.884047927,0.803921648,0.803800192,0.796432731,0.7296724,0.67992268,0.716957702,0.75430899,0.718413899,0.77833812,0.752945123,0.752728197,0.901296423,0.903421436,0.885205508,0.846772667,0.893215581,0.877475207,0.845376564,0.950915534,0.924709623
Mongolia,MNG,"Official exchange rate (LCU per US$, period average)",PA.NUS.FCRF,548.4033333,789.9925,840.8283333,1021.8675,1076.666667,1097.6975,1110.31,1146.5425,1185.2975,1205.246667,1179.699167,1170.400833,1165.804167,1437.795,1357.064167,1265.515833,1357.58,1523.9275,1817.938708,1970.309167,2140.290864,2439.777201,2472.484051,2663.541398,2813.289835,2849.288615,3140.677884,3465.736536
Northern Mariana Islands,MNP,"Official exchange rate (LCU per US$, period average)",PA.NUS.FCRF,,,,,,,1,1,1,1,1,1,1,1,1,1,1,1,1,1,1,1,1,1,1,1,1,1
Mozambique,MOZ,"Official exchange rate (LCU per US$, period average)",PA.NUS.FCRF,11.29375,11.54358333,11.87458333,12.77511167,15.22725,20.70364083,23.67795667,23.7822675,22.5813425,23.060965,25.40077917,25.84034145,24.30064247,27.51829996,33.9600988,29.06759993,28.37298448,30.10411109,31.3526877,39.98247415,63.05623273,63.58432291,60.32620764,62.54833333,69.465,65.465,63.85083333,63.88583333
Mauritania,MRT,"Official exchange rate (LCU per US$, period average)",PA.NUS.FCRF,13.72216667,15.18533333,18.84758333,20.95141667,23.89233333,25.56291667,27.17391667,26.303,,26.55283333,26.86,25.85866667,23.82033333,26.23658333,27.58941667,28.11183333,29.662,30.06816667,30.2725,32.46716667,35.23708333,35.79441667,35.6775,36.69083333,37.18916667,36.06333333,,
Mauritius,MUS,"Official exchange rate (LCU per US$, period average)",PA.NUS.FCRF,17.94806667,21.05725833,23.99265,25.18580833,26.24955833,29.12925833,29.962,27.901475,27.49851667,29.49623333,31.70806667,31.31365625,28.4528375,31.9598,30.7844,28.70595,30.04997167,30.70135833,30.62161667,35.0567,35.54188333,34.48140833,33.93445,35.47351667,39.34693333,41.69213333,44.182775,45.267225
Malawi,MWI,"Official exchange rate (LCU per US$, period average)",PA.NUS.FCRF,15.30846667,16.444175,31.07268333,44.08814167,59.54380833,72.19733333,76.68660833,97.432475,108.8975083,118.42,136.0125,139.9575,140.5216667,141.1683333,150.4858333,156.5158333,249.1066667,364.4058333,424.8966667,499.6058333,718.005,730.2725,732.3333333,745.5406679,749.5274939,,,
Malaysia,MYS,"Official exchange rate (LCU per US$, period average)",PA.NUS.FCRF,2.5159425,2.813191667,3.924375,3.8,3.8,3.8,3.8,3.8,3.8,3.787091667,3.668176958,3.437569382,3.335833333,3.524502911,3.221086915,3.060003011,3.088800867,3.15090855,3.272859746,3.905500263,4.148300663,4.300440878,4.035130137,4.142469736,4.203481949,4.143297598,4.401076345,4.560623432
North America,NAC,"Official exchange rate (LCU per US$, period average)",PA.NUS.FCRF,,,,,,,,,,,,,,,,,,,,,,,,,,,,
Namibia,NAM,"Official exchange rate (LCU per US$, period average)",PA.NUS.FCRF,4.299349167,4.607961667,5.528284167,6.109484167,6.939828333,8.609180833,10.54074667,7.564749167,6.4596925,6.377116667,6.76715,7.054391667,8.251741667,8.522819833,7.33025,7.300025,8.193770833,9.750075,10.8428875,12.88192083,14.70876667,13.3129,13.23394167,14.44869042,16.46326667,14.778675,16.35585833,18.44630833
New Caledonia,NCL,"Official exchange rate (LCU per US$, period average)",PA.NUS.FCRF,93.00940699,106.1215605,107.2638139,111.9669141,129.201038,133.2377912,126.2003129,105.494942,95.93333689,95.91884339,95.03967172,87.07304793,81.13632928,85.55578141,90.01297411,85.72955183,92.88041108,89.8502215,89.82433538,107.5532344,107.8068158,105.6330782,101.0468219,106.5889338,104.7106082,100.8802226,113.4743672,110.3471713
Niger,NER,"Official exchange rate (LCU per US$, period average)",PA.NUS.FCRF,511.5524303,583.6693724,589.9517746,615.4733493,710.207977,732.3976933,693.7132265,579.8974262,527.3380323,527.2583626,522.4256249,478.6337185,446.0000414,470.2934233,494.7942622,471.2486257,510.5563385,493.8996239,493.7573299,591.211698,592.6056151,580.6567496,555.4464584,585.9110132,575.5860045,554.530675,623.7597009,606.5697502
Nigeria,NGA,"Official exchange rate (LCU per US$, period average)",PA.NUS.FCRF,21.884425,21.88605,21.886,92.3381,101.6973333,111.23125,120.5781583,129.22235,132.888025,131.2743333,128.6516667,125.8081083,118.5666667,148.88,150.2975,153.8625,157.5,157.3116667,158.5526417,192.4403333,253.492,305.7901092,306.0836882,306.9209515,358.8107973,401.1520292,425.9791581,
Nicaragua,NIC,"Official exchange rate (LCU per US$, period average)",PA.NUS.FCRF,8.4355,9.448083333,10.58191667,11.80925,12.68439167,13.37194167,14.25132525,15.10464333,15.93724732,16.73332953,17.56999843,18.44850616,19.37189641,20.33948187,21.35644868,22.42427062,23.54666353,24.72276417,25.95890037,27.25684494,28.62096241,30.05094134,31.55321233,33.12174527,34.34212212,35.17101667,35.87442114,36.44119428
Netherlands,NLD,"Official exchange rate (LCU per US$, period average)",PA.NUS.FCRF,1.68589675,1.951269917,1.983733,0.938283072,1.082705081,1.116533086,1.057558996,0.884047927,0.803921648,0.803800192,0.796432731,0.7296724,0.67992268,0.716957702,0.75430899,0.718413899,0.77833812,0.752945123,0.752728197,0.901296423,0.903421436,0.885205508,0.846772667,0.893276257,0.875506397,0.845494139,0.949623753,0.924839558
Norway,NOR,"Official exchange rate (LCU per US$, period average)",PA.NUS.FCRF,6.449808333,7.073400833,7.5450975,7.799171667,8.801841667,8.991654167,7.983778833,7.080216667,6.740833333,6.4425,6.413333333,5.861666667,5.64,6.288333333,6.044166667,5.604607307,5.8175,5.875,6.301666667,8.064166667,8.4,8.271666667,8.1325,8.8,9.415833333,8.59,9.614166667,10.56333333
Nepal,NPL,"Official exchange rate (LCU per US$, period average)",PA.NUS.FCRF,56.6919525,58.00954917,65.9757875,68.23937083,71.09379583,74.94925,77.87661917,76.1414475,73.67359667,71.3675,72.75560583,66.4150275,69.761695,77.57343074,73.26235902,74.02,85.22575599,93.08439381,97.55484216,102.4051343,107.3838152,104.5118852,108.9301341,112.6094828,118.3451873,118.1340816,125.1994578,132.1154601
Nauru,NRU,"Official exchange rate (LCU per US$, period average)",PA.NUS.FCRF,1.277863333,1.34738,1.591828333,1.54995,1.724826667,1.9334425,1.8405625,1.541914167,1.3597525,1.309473333,1.327973441,1.1950725,1.192178333,1.28218881,1.090159486,0.969463201,0.965801031,1.035843097,1.109363293,1.331090262,1.345213976,1.304758077,1.338412146,1.438506544,1.453085118,1.33122426,1.441664459,1.505191066
New Zealand,NZL,"Official exchange rate (LCU per US$, period average)",PA.NUS.FCRF,1.4548475,1.512420833,1.868249167,1.889613899,2.201149167,2.378750833,2.162190833,1.722099146,1.508681271,1.420273457,1.542055757,1.360675229,1.42272681,1.600877295,1.387833828,1.265810697,1.234283655,1.219407974,1.205433333,1.433975,1.436525,1.407408333,1.445258333,1.517875,1.542058333,1.4138,1.577183333,1.628433333
OECD members,OED,"Official exchange rate (LCU per US$, period average)",PA.NUS.FCRF,,,,,,,,,,,,,,,,,,,,,,,,,,,,
Oman,OMN,"Official exchange rate (LCU per US$, period average)",PA.NUS.FCRF,0.3845,0.3845,0.3845,0.3845,0.3845,0.3845,0.3845,0.3845,0.3845,0.3845,0.3845,0.3845,0.3845,0.3845,0.3845,0.3845,0.3845,0.3845,0.3845,0.3845,0.3845,0.3845,0.3845,0.3845,0.3845,0.3845,0.3845,0.3845
Other small states,OSS,"Official exchange rate (LCU per US$, period average)",PA.NUS.FCRF,,,,,,,,,,,,,,,,,,,,,,,,,,,,
Pakistan,PAK,"Official exchange rate (LCU per US$, period average)",PA.NUS.FCRF,36.07868333,41.111525,45.04666667,49.50069158,53.6481865,61.92716167,59.72378167,57.75199667,58.25786333,59.514475,60.271335,60.73851583,70.40803333,81.71289167,85.19381633,86.34338333,93.39519722,101.6288992,101.1000884,102.7692716,104.769117,105.4551621,121.8240689,150.0362538,161.8384797,162.9062537,204.8671875,280.3561117
Panama,PAN,"Official exchange rate (LCU per US$, period average)",PA.NUS.FCRF,1,1,1,1,1,1,1,1,1,1,1,1,1,1,1,1,1,1,1,1,1,1,1,1,1,1,1,1
Peru,PER,"Official exchange rate (LCU per US$, period average)",PA.NUS.FCRF,2.453333333,2.664166667,2.93,3.383333333,3.49,3.506833333,3.5165,3.478467,3.413175,3.295841667,3.274032503,3.128044577,2.924408333,3.011508333,2.825125,2.7541,2.637586418,2.701899026,2.839044138,3.184439242,3.375061587,3.260488491,3.286602698,3.337265547,3.494941198,3.880554131,3.835181375,3.74382621
Philippines,PHL,"Official exchange rate (LCU per US$, period average)",PA.NUS.FCRF,26.2161,29.47065833,40.89305,39.08898333,44.19225,50.99265,51.60356667,54.20333333,56.03991667,55.08549167,51.3142725,46.14839118,44.32328761,47.67968845,45.10966418,43.31313692,42.22879473,42.44618483,44.3951543,45.50283994,47.49246386,50.40371979,52.66142995,51.79578265,49.624096,49.25459773,54.47778584,55.63036322
Palau,PLW,"Official exchange rate (LCU per US$, period average)",PA.NUS.FCRF,,,,,,,,,,1,1,1,1,1,1,1,1,1,1,1,1,1,1,1,1,1,1,1
Papua New Guinea,PNG,"Official exchange rate (LCU per US$, period average)",PA.NUS.FCRF,1.319075,1.437971667,2.073591667,2.5707725,2.782156667,3.388715065,3.895220802,3.563452875,3.222540104,3.1019498,3.056734787,2.965345833,2.700088333,2.755143333,2.719294167,2.370969949,2.083648339,2.24451,2.461385,2.768411667,3.133029302,3.188788383,3.293463081,3.387537681,3.459974386,3.50877193,3.519229705,
Poland,POL,"Official exchange rate (LCU per US$, period average)",PA.NUS.FCRF,2.6961,3.279291667,3.4754,3.967108333,4.346075,4.0939,4.080033333,3.889075,3.657641667,3.235483333,3.103158333,2.76795,2.409241667,3.120141667,3.0153,2.962847778,3.256541667,3.160616667,3.154541667,3.7695,3.942783333,3.779333333,3.611716667,3.839375,3.899741667,3.861916667,4.457758333,4.203666667
Pre-demographic dividend,PRE,"Official exchange rate (LCU per US$, period average)",PA.NUS.FCRF,,,,,,,,,,,,,,,,,,,,,,,,,,,,
Puerto Rico,PRI,"Official exchange rate (LCU per US$, period average)",PA.NUS.FCRF,,,,,1,1,1,1,1,1,1,1,1,1,1,1,1,1,1,1,1,1,1,1,1,1,1,1
"Korea, Dem. People's Rep.",PRK,"Official exchange rate (LCU per US$, period average)",PA.NUS.FCRF,,,,,,,,,,,,,,,,,,,,,,,,,,,,
Portugal,PRT,"Official exchange rate (LCU per US$, period average)",PA.NUS.FCRF,154.2436617,175.312445,180.10448,0.938283072,1.082705081,1.116533086,1.057558996,0.884047927,0.803921648,0.803800192,0.796432731,0.7296724,0.67992268,0.716957702,0.75430899,0.718413899,0.77833812,0.752945123,0.752728197,0.901296423,0.903421436,0.885205508,0.846772667,0.893276257,0.875506397,0.845494139,0.949623753,0.924839558
Paraguay,PRY,"Official exchange rate (LCU per US$, period average)",PA.NUS.FCRF,2056.811667,2177.8625,2726.49,3119.073333,3486.353333,4105.925,5716.258333,6424.339167,5974.5775,6177.934947,5635.093939,5032.711576,4363.291608,4966.682297,4758.430129,4193.802308,4421.659286,4303.882566,4462.185288,5204.920808,5670.540898,5618.933452,5732.104556,6240.722078,6771.097425,6774.162735,6982.752378,7288.872054
West Bank and Gaza,PSE,"Official exchange rate (LCU per US$, period average)",PA.NUS.FCRF,,,,,,,,,,,,,,,,,,,,,,,,,,,,
Pacific island small states,PSS,"Official exchange rate (LCU per US$, period average)",PA.NUS.FCRF,,,,,,,,,,,,,,,,,,,,,,,,,,,,
Post-demographic dividend,PST,"Official exchange rate (LCU per US$, period average)",PA.NUS.FCRF,,,,,,,,,,,,,,,,,,,,,,,,,,,,
French Polynesia,PYF,"Official exchange rate (LCU per US$, period average)",PA.NUS.FCRF,93.00940699,106.1215605,107.2638139,111.9669141,129.201038,133.2377912,126.2003129,105.494942,95.93333689,95.91884339,95.03967172,87.07304793,81.13632928,85.55578141,90.01297411,85.72955183,92.88041108,89.8502215,89.82433538,107.5532344,107.8068158,105.6330782,101.0468219,106.5889338,104.7106082,100.8802226,113.4743672,110.3471713
Qatar,QAT,"Official exchange rate (LCU per US$, period average)",PA.NUS.FCRF,3.64,3.64,3.64,3.64,3.64,3.64,3.64,3.64,3.64,3.64,3.64,3.64,3.64,3.64,3.64,3.64,3.64,3.64,3.64,3.64,3.64,3.64,3.64,3.64,3.64,3.64,3.64,3.64
Romania,ROU,"Official exchange rate (LCU per US$, period average)",PA.NUS.FCRF,0.30842175,0.716794333,0.887557583,1.53328375,2.170872083,2.906079167,3.305543,3.320007083,3.263656833,2.913653167,2.808983333,2.43825,2.518858333,3.049325,3.1779,3.048608333,3.4682,3.327916667,3.349175,4.005666667,4.059183333,4.052491667,3.941616667,4.237925,4.243991667,4.160416667,4.688475,4.574291667
Russian Federation,RUS,"Official exchange rate (LCU per US$, period average)",PA.NUS.FCRF,5.120833333,5.784833333,9.705083333,24.6199,28.12916667,29.168525,31.34848333,30.692025,28.81374167,28.28444167,27.19095833,25.58084537,24.852875,31.74035833,30.36791534,29.38234137,30.83983135,31.83714364,38.37820714,60.93765011,67.05593333,58.34280119,62.66813333,64.73765833,72.10490833,73.65435,68.48494167,85.16200833
Rwanda,RWA,"Official exchange rate (LCU per US$, period average)",PA.NUS.FCRF,306.82,301.5298167,312.3140917,333.941925,389.6962167,442.9918917,475.3652417,537.6549848,577.4489746,557.8226408,551.7103333,546.955,546.8486532,568.2813268,583.1309066,600.3065198,614.2951424,646.6359745,682.4377954,719.8595555,787.2515218,831.5543398,861.0934122,899.350509,943.2780482,988.6248066,1030.3083,1160.098694
South Asia,SAS,"Official exchange rate (LCU per US$, period average)",PA.NUS.FCRF,,,,,,,,,,,,,,,,,,,,,,,,,,,,
Saudi Arabia,SAU,"Official exchange rate (LCU per US$, period average)",PA.NUS.FCRF,3.75,3.75,3.75,3.75,3.75,3.75,3.75,3.75,3.75,3.75,3.75,3.75,3.75,3.75,3.75,3.75,3.75,3.75,3.75,3.75,3.75,3.75,3.75,3.75,3.75,3.75,3.75,3.75
Sudan,SDN,"Official exchange rate (LCU per US$, period average)",PA.NUS.FCRF,1.250791667,1.5757425,2.008019167,2.525504167,2.571225,2.587021042,2.633058333,2.609834333,2.57905,2.436058333,2.171533333,2.0161,2.090162829,2.301533333,2.30600092,2.666619622,3.572958333,4.756760547,5.736866667,6.025732598,6.211713646,6.68336,24.3289109,45.76704545,53.9960119,370.7905833,546.75885,
Senegal,SEN,"Official exchange rate (LCU per US$, period average)",PA.NUS.FCRF,511.5524303,583.6693724,589.9517746,615.4733493,710.207977,732.3976933,693.7132265,579.8974262,527.3380323,527.2583626,522.4256249,478.6337185,446.0000414,470.2934233,494.7942622,471.2486257,510.5563385,493.8996239,493.7573299,591.211698,592.6056151,580.6567496,555.4464584,585.9110132,575.5860045,554.530675,623.7597009,606.5697502
Singapore,SGP,"Official exchange rate (LCU per US$, period average)",PA.NUS.FCRF,1.410040833,1.484805833,1.673601667,1.694956667,1.723963333,1.7917225,1.790588333,1.742183333,1.690228333,1.6643975,1.588933333,1.507101667,1.414860833,1.454514713,1.363508333,1.257775877,1.249676204,1.2513,1.26705,1.374825,1.381546364,1.380925,1.348841667,1.364158333,1.379741667,1.343483333,1.378666667,1.342766667
Solomon Islands,SLB,"Official exchange rate (LCU per US$, period average)",PA.NUS.FCRF,3.566358333,3.716941667,4.815649167,4.838141667,5.088930833,5.277984953,6.748772103,7.505943749,7.484743906,7.529873025,7.609458333,7.652,7.747916667,8.055041667,8.064501344,7.64125903,7.355202847,7.3021351,7.375345354,7.914688977,7.948152938,7.887390369,7.952504861,8.173399298,8.21341291,8.030102991,8.155528698,8.375596776
Sierra Leone,SLE,"Official exchange rate (LCU per US$, period average)",PA.NUS.FCRF,0.9207325,0.9814825,1.563618,1.804195,2.092125,1.986154167,2.099033866,2.347941667,2.701296667,2.8895875,2.961909167,2.985185833,2.981515,3.38565,3.978086667,4.349161667,4.344036667,4.332500833,4.524159167,5.0807475,6.290297415,7.384432222,7.93163175,9.010221144,9.829926763,10.43942532,14.04764979,21.30487511
El Salvador,SLV,"Official exchange rate (LCU per US$, period average)",PA.NUS.FCRF,8.755,8.75625,8.755,8.755,8.755,1,1,1,1,1,1,1,1,1,1,1,1,1,1,1,1,1,1,1,1,1,1,1
San Marino,SMR,"Official exchange rate (LCU per US$, period average)",PA.NUS.FCRF,1542.946967,1703.096908,1736.207383,0.938283072,1.082705081,1.116533086,1.057558996,0.884047927,0.803921648,0.803800192,0.796432731,0.7296724,0.67992268,0.716957702,0.75430899,0.718413899,0.77833812,0.752945123,0.752728197,0.901296423,0.903421436,0.885205508,0.846772667,0.893215581,0.877475207,0.845376564,0.950915534,0.924709623
Somalia,SOM,"Official exchange rate (LCU per US$, period average)",PA.NUS.FCRF,,,,,,,,,,,,,,31558.90548,31269.66257,29966.83544,22516.0003,19283.79995,20230.92913,22254.23568,23061.78431,23097.98732,,,,,,
Serbia,SRB,"Official exchange rate (LCU per US$, period average)",PA.NUS.FCRF,,5.9123,10.0308,11.6615,63.1659,66.91366,64.405225,57.59004167,58.37570833,66.717825,67.155125,58.44956667,55.72925,67.60493333,77.72284167,73.35543333,87.95880833,85.15884167,88.40530833,108.811425,111.27785,107.75885,100.175075,105.2495583,103.1632917,99.39594167,111.6621833,108.4026917
Sub-Saharan Africa (excluding high income),SSA,"Official exchange rate (LCU per US$, period average)",PA.NUS.FCRF,,,,,,,,,,,,,,,,,,,,,,,,,,,,
South Sudan,SSD,"Official exchange rate (LCU per US$, period average)",PA.NUS.FCRF,,,,,,,,,,,,,,,,2.98895,2.95,2.95,2.95,3.604166667,46.72916667,113.6475,141.3858333,157.9991667,165.9073167,306.3546199,534.5111887,
Sub-Saharan Africa,SSF,"Official exchange rate (LCU per US$, period average)",PA.NUS.FCRF,,,,,,,,,,,,,,,,,,,,,,,,,,,,
Small states,SST,"Official exchange rate (LCU per US$, period average)",PA.NUS.FCRF,,,,,,,,,,,,,,,,,,,,,,,,,,,,
Sao Tome and Principe,STP,"Official exchange rate (LCU per US$, period average)",PA.NUS.FCRF,2.203163583,4.552505917,6.883242833,7.118958333,7.978171667,8.842109167,9.088325,9.347583333,9.902324167,10.55797033,12.4486425,13.536755,14.69520167,16.20845125,18.49860132,17.62293501,19.06841681,18.44995262,18.46640305,22.09064456,22.14886063,21.74113836,20.75085924,21.88474182,21.5070591,20.71040152,23.29040395,
Suriname,SUR,"Official exchange rate (LCU per US$, period average)",PA.NUS.FCRF,0.401018354,0.401566152,0.401606426,0.834084264,1.322490515,2.178182254,2.34675,2.601333333,2.733582976,2.731666665,2.74375,2.745,2.745,2.745,2.745416667,3.268,3.3,3.3,3.3,3.416666667,6.228630278,7.487661125,7.462511198,7.458,9.309545455,18.23866667,24.70917476,36.77586917
Slovak Republic,SVK,"Official exchange rate (LCU per US$, period average)",PA.NUS.FCRF,30.65375,33.61616667,35.23341667,41.36283333,46.03516667,48.35483333,45.32675,36.77291667,32.25691667,31.01825,29.69725,24.69433333,21.36141667,0.716957702,0.75430899,0.718413899,0.77833812,0.752945123,0.752728197,0.901296423,0.903421436,0.885205508,0.846772667,0.893276257,0.875506397,0.845494139,0.949623753,0.924839558
Slovenia,SVN,"Official exchange rate (LCU per US$, period average)",PA.NUS.FCRF,135.3643083,159.6883333,166.1341667,181.7691933,222.6560858,242.748835,240.248215,207.1137157,192.3811243,192.705468,191.0282578,0.7296724,0.67992268,0.716957702,0.75430899,0.718413899,0.77833812,0.752945123,0.752728197,0.901296423,0.903421436,0.885205508,0.846772667,0.893276257,0.875506397,0.845494139,0.949623753,0.924839558
Sweden,SWE,"Official exchange rate (LCU per US$, period average)",PA.NUS.FCRF,6.705955833,7.634894167,7.949868167,8.262428333,9.162244167,10.32913583,9.737123333,8.086304167,7.348886667,7.473088333,7.378249167,6.75877,6.591099167,7.653819167,7.207524167,6.493543333,6.775015833,6.513971667,6.860785,8.434840833,8.561991667,8.548860833,8.692518333,9.458349167,9.210309028,8.576566716,10.11425128,10.6101613
Eswatini,SWZ,"Official exchange rate (LCU per US$, period average)",PA.NUS.FCRF,4.299349167,4.607961667,5.528284167,6.109484167,6.939828333,8.609180833,10.54074667,7.564749167,6.4596925,6.359328333,6.771549167,7.045365,8.261223333,8.473674158,7.321221961,7.261132132,8.209968627,9.655056069,10.85265557,12.75893088,14.70961089,13.32380142,13.23392647,14.45178923,16.47025587,14.78343514,16.36228306,18.45359249
Sint Maarten (Dutch part),SXM,"Official exchange rate (LCU per US$, period average)",PA.NUS.FCRF,,,,,,,,,,,,,,,,1.79,1.79,1.79,1.79,1.79,1.79,1.79,1.79,1.79,1.79,1.79,1.79,1.79
Seychelles,SYC,"Official exchange rate (LCU per US$, period average)",PA.NUS.FCRF,4.969983333,5.026341667,5.262191667,5.342583333,5.713816667,5.857541667,5.480033333,5.400716667,5.5,5.5,5.519691667,6.701059538,9.457243283,13.60994045,12.06775664,12.38103191,13.70403121,12.05831667,12.74703333,13.313925,13.31911667,13.64784167,13.91111667,14.03325,17.61651876,16.92052257,14.27279453,
Syrian Arab Republic,SYR,"Official exchange rate (LCU per US$, period average)",PA.NUS.FCRF,11.225,11.225,11.225,11.225,11.225,11.225,11.225,11.225,11.225,11.225,11.225,11.225,11.225,11.225,11.225,48.33666667,64.58083333,108.7333333,154.13,237.0291667,460.2758333,492.6108333,436.5,436.5,877.9452509,1256,2505.746911,
Turks and Caicos Islands,TCA,"Official exchange rate (LCU per US$, period average)",PA.NUS.FCRF,,,,,,1,1,1,1,1,1,1,1,1,1,1,1,1,1,1,1,1,1,1,1,1,1,1
Chad,TCD,"Official exchange rate (LCU per US$, period average)",PA.NUS.FCRF,511.5524303,583.6693724,589.9517746,615.4733493,710.207977,732.3976933,693.7132265,579.8974262,527.3380323,527.2583626,522.4256249,478.6337185,446.0000414,470.2934233,494.7942622,471.2486257,510.5563385,493.8996239,493.7573299,591.211698,592.6056151,580.6567496,555.4464584,585.9110132,575.5860045,554.530675,623.7597009,606.5697502
East Asia & Pacific (IDA & IBRD countries),TEA,"Official exchange rate (LCU per US$, period average)",PA.NUS.FCRF,,,,,,,,,,,,,,,,,,,,,,,,,,,,
Europe & Central Asia (IDA & IBRD countries),TEC,"Official exchange rate (LCU per US$, period average)",PA.NUS.FCRF,,,,,,,,,,,,,,,,,,,,,,,,,,,,
Togo,TGO,"Official exchange rate (LCU per US$, period average)",PA.NUS.FCRF,511.5524303,583.6693724,589.9517746,615.4733493,710.207977,732.3976933,693.7132265,579.8974262,527.3380323,527.2583626,522.4256249,478.6337185,446.0000414,470.2934233,494.7942622,471.2486257,510.5563385,493.8996239,493.7573299,591.211698,592.6056151,580.6567496,555.4464584,585.9110132,575.5860045,554.530675,623.7597009,606.5697502
Thailand,THA,"Official exchange rate (LCU per US$, period average)",PA.NUS.FCRF,25.34268286,31.36433445,41.3593875,37.81365583,40.11180333,44.4319,42.96008333,41.48461667,40.22241492,40.22013021,37.88198322,34.51818059,33.31330064,34.28577412,31.685705,30.49173333,31.08309167,30.72596667,32.47983333,34.24771667,35.29638333,33.93981106,32.31022574,31.04760578,31.29367321,31.97709344,35.06135021,34.80218858
Tajikistan,TJK,"Official exchange rate (LCU per US$, period average)",PA.NUS.FCRF,0.2955,0.562333333,0.776625,1.237791667,2.07625,2.372191667,2.764133333,3.061366667,2.970508333,3.116566667,3.298408333,3.442483333,3.430725,4.142708333,4.378966667,4.610183333,4.737708333,4.764233333,4.937566667,6.163116667,7.835675,8.549741667,9.151216667,9.530366667,10.32194167,11.30885,11.031075,10.844525
Turkmenistan,TKM,"Official exchange rate (LCU per US$, period average)",PA.NUS.FCRF,3257.666667,4143.416667,4890.166667,5200,5200,5200,,,,,,,,,,,,,,,,,,,,,,
Latin America & the Caribbean (IDA & IBRD countries),TLA,"Official exchange rate (LCU per US$, period average)",PA.NUS.FCRF,,,,,,,,,,,,,,,,,,,,,,,,,,,,
Timor-Leste,TLS,"Official exchange rate (LCU per US$, period average)",PA.NUS.FCRF,1,1,1,1,1,1,1,1,1,1,1,1,1,1,1,1,1,1,1,1,1,1,1,1,1,1,1,1
Middle East & North Africa (IDA & IBRD countries),TMN,"Official exchange rate (LCU per US$, period average)",PA.NUS.FCRF,,,,,,,,,,,,,,,,,,,,,,,,,,,,
Tonga,TON,"Official exchange rate (LCU per US$, period average)",PA.NUS.FCRF,1.231974399,1.263518428,1.49205537,1.599132372,1.758502604,2.123574169,2.195187335,2.145892252,1.971562793,1.943036217,2.025880795,1.970933657,1.942444257,2.034493613,1.905987842,1.72895071,1.719507016,1.773713119,1.846773685,2.105763257,2.215661104,2.205972697,2.236571476,2.28948563,2.299561508,2.264959601,2.327929827,2.363698818
South Asia (IDA & IBRD),TSA,"Official exchange rate (LCU per US$, period average)",PA.NUS.FCRF,,,,,,,,,,,,,,,,,,,,,,,,,,,,
Sub-Saharan Africa (IDA & IBRD countries),TSS,"Official exchange rate (LCU per US$, period average)",PA.NUS.FCRF,,,,,,,,,,,,,,,,,,,,,,,,,,,,
Trinidad and Tobago,TTO,"Official exchange rate (LCU per US$, period average)",PA.NUS.FCRF,6.005065833,6.251678333,6.2983075,6.2989,6.299796667,6.233216667,6.248683333,6.2951,6.298991667,6.299558333,6.312283333,6.328033333,6.289433333,6.324908333,6.375508333,6.409300706,6.429602656,6.442629398,6.409094578,6.377441667,6.668966667,6.779525,6.770750898,6.754326683,6.751052687,6.758530049,6.754128961,6.750262379
Tunisia,TUN,"Official exchange rate (LCU per US$, period average)",PA.NUS.FCRF,0.973408333,1.105908333,1.138725,1.186225,1.370683333,1.4387125,1.421733333,1.288458333,1.245466667,1.297433333,1.331025,1.281358333,1.232141667,1.350275,1.4314,1.407783333,1.561891667,1.624658333,1.697675,1.961625,2.148033333,2.419425,2.646866667,2.934433333,2.812358333,2.794466667,3.1036,3.106166667
Turkiye,TUR,"Official exchange rate (LCU per US$, period average)",PA.NUS.FCRF,0.081404892,0.151865,0.26072425,0.418782917,0.6252185,1.225588083,1.507226417,1.500885209,1.42553725,1.343583108,1.428453413,1.302930905,1.301521703,1.549959776,1.50284863,1.674954552,1.796000944,1.903768242,2.188542418,2.720008528,3.020134748,3.648132635,4.828370147,5.673819308,7.008605416,8.850407549,16.54886042,23.73856612
Tuvalu,TUV,"Official exchange rate (LCU per US$, period average)",PA.NUS.FCRF,,,,,1.7248,1.9334,1.8406,1.5419,1.3598,1.3095,1.328,1.1951,1.1922,1.2822,1.0902,0.9695,0.9658,1.0358,1.1094,1.3311,1.3452,1.3048,1.3384,1.4385,1.4531,1.33122426,1.441664459,1.505191066
Tanzania,TZA,"Official exchange rate (LCU per US$, period average)",PA.NUS.FCRF,579.9766667,612.1225,664.6712083,744.759075,800.4085167,876.4116667,966.5827843,1038.419007,1089.334771,1128.934179,1251.899973,1245.035464,1196.310709,1320.312061,1395.625,1557.433333,1571.698333,1597.555833,1653.230833,1991.390833,2177.086667,2228.856667,2263.781667,2288.206667,2294.146151,2297.764226,,
Uganda,UGA,"Official exchange rate (LCU per US$, period average)",PA.NUS.FCRF,1046.08475,1083.008667,1240.305833,1454.827167,1644.475333,1755.65875,1797.5505,1963.720083,1810.304714,1780.540261,1831.451851,1723.491587,1720.443879,2030.488074,2177.557507,2522.802033,2504.563078,2586.889569,2599.788201,3240.64542,3420.098007,3611.224458,3727.068995,3704.049072,3718.248923,3587.051707,3689.817386,3726.14046
Ukraine,UKR,"Official exchange rate (LCU per US$, period average)",PA.NUS.FCRF,1.829468558,1.861658333,2.449541667,4.130441667,5.440233333,5.372158333,5.326625,5.332688333,5.319180667,5.124729,5.05,5.05,5.267221417,7.791240333,7.935639417,7.967562833,7.991029333,7.993,11.88665942,21.84469777,25.55133412,26.5966063,27.20049233,25.84558933,26.95752438,27.28618938,32.3423016,36.57380812
Upper middle income,UMC,"Official exchange rate (LCU per US$, period average)",PA.NUS.FCRF,,,,,,,,,,,,,,,,,,,,,,,,,,,,
Uruguay,URY,"Official exchange rate (LCU per US$, period average)",PA.NUS.FCRF,7.971833333,9.441833333,10.47191667,11.3393,12.09959167,13.31911667,21.25696667,28.20868333,28.70373333,24.4786,24.07335833,23.471025,20.94931667,22.56798333,20.059275,19.31420833,20.310575,20.48160833,23.246025,27.32736667,30.1626,28.6764,30.72525833,35.255375,42.01329167,43.554575,41.17108333,38.82391667
United States,USA,"Official exchange rate (LCU per US$, period average)",PA.NUS.FCRF,1,1,1,1,1,1,1,1,1,1,1,1,1,1,1,1,1,1,1,1,1,1,1,1,1,1,1,1
Uzbekistan,UZB,"Official exchange rate (LCU per US$, period average)",PA.NUS.FCRF,40.06666667,62.91666667,94.49166667,124.625,236.6083333,,,,,,,,,,,,,2094.988465,2310.948159,2567.987213,2965.253499,5113.878946,8069.606237,8836.7875,10054.26133,10609.46439,11050.14542,11734.83342
St. Vincent and the Grenadines,VCT,"Official exchange rate (LCU per US$, period average)",PA.NUS.FCRF,2.7,2.7,2.7,2.7,2.7,2.7,2.7,2.7,2.7,2.7,2.7,2.7,2.7,2.7,2.7,2.7,2.7,2.7,2.7,2.7,2.7,2.7,2.7,2.7,2.7,2.7,2.7,2.7
"Venezuela, RB",VEN,"Official exchange rate (LCU per US$, period average)",PA.NUS.FCRF,0.41735,0.488633333,0.547566667,0.605725,0.679966667,0.723658333,1.16095,1.606958333,1.891333333,2.08975,2.147,2.147,2.147,2.147,2.582060317,4.2893,4.2893,6.047961842,6.2842,6.2842,9.257344444,9.975,,,,,,
British Virgin Islands,VGB,"Official exchange rate (LCU per US$, period average)",PA.NUS.FCRF,,,,,,,,,,,,,,,,,,,,,,,,,,,,
Virgin Islands (U.S.),VIR,"Official exchange rate (LCU per US$, period average)",PA.NUS.FCRF,,,,,,,1,1,1,1,1,1,1,1,1,1,1,1,1,1,1,1,1,1,1,1,1,1
Viet Nam,VNM,"Official exchange rate (LCU per US$, period average)",PA.NUS.FCRF,11032.58333,11683.33333,13268,13943.16667,14167.75,14725.16667,15279.5,15509.58333,15746,15858.91667,15994.25,16105.125,16302.25,17065.08333,18612.91667,20509.75,20828,20933.41667,21148,21697.5675,21935.00083,22370.08667,22602.05,23050.24167,23208.36833,23159.78259,23271.2125,23787.31917
Vanuatu,VUT,"Official exchange rate (LCU per US$, period average)",PA.NUS.FCRF,111.7191667,115.8733333,127.5175,129.075,137.6433333,145.3125,139.1983333,122.1891667,111.79,109.2458333,110.6408333,102.4375,101.3341667,106.7408333,96.90583333,89.46916667,92.6375,94.5425,97.07166667,108.9891667,108.475,107.8208333,110.165,114.7325,115.38,109.4525,115.3539167,119.1125
World,WLD,"Official exchange rate (LCU per US$, period average)",PA.NUS.FCRF,,,,,,,,,,,,,,,,,,,,,,,,,,,,
Samoa,WSM,"Official exchange rate (LCU per US$, period average)",PA.NUS.FCRF,2.462172917,2.559371667,2.947686833,3.013152,3.286361525,3.478040072,3.376258103,2.973237658,2.780723431,2.710336734,2.779294045,2.616572472,2.64417628,2.73077851,2.484656585,2.317472012,2.29231195,2.310900035,2.331768846,2.560873688,2.564929673,2.554377116,2.587279951,2.648826322,2.664960845,2.556092342,2.688997647,2.73843913
Kosovo,XKX,"Official exchange rate (LCU per US$, period average)",PA.NUS.FCRF,,,,,,,1.057558996,0.884047927,0.803921648,0.803800192,0.796432731,0.7296724,0.67992268,0.716957702,0.75430899,0.718413899,0.77833812,0.752945123,0.752728197,0.901296423,0.903421436,0.885205508,0.846772667,0.893215581,0.877475207,0.845376564,0.950915534,0.924709623
"Yemen, Rep.",YEM,"Official exchange rate (LCU per US$, period average)",PA.NUS.FCRF,94.15666672,129.2808333,135.8816667,155.7183333,161.7183333,168.6716667,175.625,183.4483333,184.7758333,191.5091667,197.0491667,198.9533333,199.7641667,202.8466667,219.59,213.8,214.3491667,214.89,214.89,230.8333333,283.8958333,282.195,214.89,486.7309229,743.0059644,1035.467186,1114.292841,
South Africa,ZAF,"Official exchange rate (LCU per US$, period average)",PA.NUS.FCRF,4.299349167,4.607961667,5.528284167,6.109484167,6.939828333,8.609180833,10.54074667,7.564749167,6.4596925,6.359328333,6.771549167,7.045365,8.261223333,8.473674158,7.321221961,7.261132132,8.209968627,9.655056069,10.85265557,12.75893088,14.70961089,13.32380142,13.23392647,14.44842705,16.45910539,14.77867821,16.35585348,18.45024418
Zambia,ZMB,"Official exchange rate (LCU per US$, period average)",PA.NUS.FCRF,1.2079,1.3144975,1.862069167,2.388019167,3.110844167,3.610935,4.398595,4.733271046,4.778875386,4.465,3.601666667,4.001666667,3.745,5.045,4.7975,4.861666667,5.1475,5.396483333,6.154166667,8.631666667,10.3075,9.5175,10.45833333,12.89,18.34409265,20.01848659,16.93759433,20.21201787
Zimbabwe,ZWE,"Official exchange rate (LCU per US$, period average)",PA.NUS.FCRF,0.010013713,0.012125047,0.023706013,0.03834471,0.044468376,0.05511466,0.055098291,0.698216071,5.074419415,22.3890396,164.5473565,9686.77167,6723052073,,,,,,,,,,,,51.32901312,88.55244726,374.9543626,3509.17222
